----,,,,,,
DateTime:,      2021/06/11, 15:18:27,1.62344E+12,,,
PIF:,-603.9,,,,,
PARs:,0,0,0,0,0,0
Light:,0,0,0,0,0,0
Lamps:,    #10000,,,,,
Gain:,5,2, ,,,
S/N Ratio:,269.93,,,,,
Position:,0,0,   NoData,,,
Cycles:,1,,,,,
1,99,100,227,,,
DataPt,  Time(us),         EX,         EM,       Fit,,
==========,==========,==========,==========,=========,,
0,0,0,0,0,,
1,0.8,176.998,361.907,0,,
2,3.3,182.856,365.508,0,,
3,5.8,184.236,368.967,0,,
4,8.3,184.318,367.175,0,,
5,10.8,184.315,368.049,0,,
6,13.3,184.398,370.162,0,,
7,15.8,184.28,371.81,0,,
8,18.3,183.804,374.513,0,,
9,20.8,184.102,375.535,0,,
10,23.3,184.098,377.609,0,,
11,25.8,184.071,379.51,0,,
12,28.3,184.087,380.999,0,,
13,30.8,184.04,383.053,0,,
14,33.3,183.868,384.716,0,,
15,35.8,183.98,387.091,0,,
16,38.3,183.757,389.194,0,,
17,40.8,183.917,390.051,0,,
18,43.3,184.144,391.525,0,,
19,45.8,183.961,393.871,0,,
20,48.3,184.469,394.955,0,,
21,50.8,184.08,397.203,0,,
22,53.3,184.137,398.817,0,,
23,55.8,184.238,401.42,0,,
24,58.3,183.902,403.677,0,,
25,60.8,183.957,405.84,0,,
26,63.3,183.879,407.207,0,,
27,65.8,183.871,409.511,0,,
28,68.3,184.125,411.008,0,,
29,70.8,183.41,414.137,0,,
30,73.3,183.686,415.367,0,,
31,75.8,183.413,417.512,0,,
32,78.3,183.884,419.379,0,,
33,80.8,183.094,422.281,0,,
34,83.3,183.585,422.893,0,,
35,85.8,183.529,424.985,0,,
36,88.3,183.81,427.163,0,,
37,90.8,183.596,430.057,0,,
38,93.3,183.681,431.056,0,,
39,95.8,183.959,432.906,0,,
40,98.3,183.834,434.831,0,,
41,100.8,183.921,436.692,0,,
42,103.3,183.719,439.133,0,,
43,105.8,183.697,441.362,0,,
44,108.3,183.573,443.731,0,,
45,110.8,183.56,446.051,0,,
46,113.3,183.757,446.443,0,,
47,115.8,183.961,447.906,0,,
48,118.3,183.615,451.362,0,,
49,120.8,183.934,452.538,0,,
50,123.3,183.716,455.905,0,,
51,125.8,183.615,457.789,0,,
52,128.3,183.579,459.95,0,,
53,130.8,183.812,460.89,0,,
54,133.3,183.574,463.338,0,,
55,135.8,184.359,463.643,0,,
56,138.3,183.785,467.051,0,,
57,140.8,183.835,469.317,0,,
58,143.3,183.751,470.947,0,,
59,145.8,183.929,472.123,0,,
60,148.3,183.71,474.863,0,,
61,150.8,184.208,476.294,0,,
62,153.3,183.516,479.832,0,,
63,155.8,184.276,479.699,0,,
64,158.3,183.884,482.354,0,,
65,160.8,184.036,484.236,0,,
66,163.3,183.93,486.799,0,,
67,165.8,184.011,488.432,0,,
68,168.3,183.928,490.501,0,,
69,170.8,184.515,491.219,0,,
70,173.3,184.305,493.189,0,,
71,175.8,184.396,495.004,0,,
72,178.3,183.813,498.426,0,,
73,180.8,184.381,498.408,0,,
74,183.3,183.973,501.58,0,,
75,185.8,184.051,503.322,0,,
76,188.3,184.077,505.316,0,,
77,190.8,184.032,506.742,0,,
78,193.3,184.647,507.331,0,,
79,195.8,184.129,509.953,0,,
80,198.3,184.045,512.685,0,,
81,200.8,183.953,513.809,0,,
82,203.3,184.159,515.842,0,,
83,205.8,184.074,517.493,0,,
84,208.3,184.394,517.789,0,,
85,210.8,183.972,521.15,0,,
86,213.3,184.073,522.602,0,,
87,215.8,184.167,524.4,0,,
88,218.3,184.239,525.387,0,,
89,220.8,183.76,528.826,0,,
90,223.3,183.877,529.033,0,,
91,225.8,183.776,531.608,0,,
92,228.3,183.942,532.759,0,,
93,230.8,184.362,533.933,0,,
94,233.3,183.842,536.641,0,,
95,235.8,183.527,539.306,0,,
96,238.3,183.661,540.326,0,,
97,240.8,183.734,541.636,0,,
98,243.3,183.443,543.476,0,,
99,245.8,183.825,544.088,0,,
100,250.8,182.552,545.034,0,,
101,273.3,182.24,544.429,0,,
102,295.8,181.871,540.388,0,,
103,318.3,181.575,536.085,0,,
104,343.3,182.358,527.732,0,,
105,368.3,182.216,523.519,0,,
106,395.8,181.657,520.394,0,,
107,423.3,181.756,514.827,0,,
108,453.3,181.834,509.893,0,,
109,483.3,181.782,505.745,0,,
110,515.8,181.782,501.574,0,,
111,550.8,181.766,497.554,0,,
112,585.8,181.77,493.919,0,,
113,623.3,181.506,491.339,0,,
114,663.3,182.094,485.783,0,,
115,705.8,181.606,483.571,0,,
116,748.3,181.53,481.465,0,,
117,793.3,181.22,479.415,0,,
118,840.8,181.399,476.298,0,,
119,890.8,181.268,473.99,0,,
120,943.3,180.819,472.184,0,,
121,998.3,181.802,467.538,0,,
122,1055.8,181.707,466.036,0,,
123,1115.8,181.587,465.795,0,,
124,1178.3,181.22,463.318,0,,
125,1245.8,181.161,460.713,0,,
126,1315.8,180.67,460.53,0,,
127,1388.3,181.598,456.637,0,,
128,1465.8,181.036,455.743,0,,
129,1545.8,180.594,455.64,0,,
130,1630.8,180.94,452.997,0,,
131,1720.8,180.742,451.168,0,,
132,1815.8,181.239,448.927,0,,
133,1913.3,181.003,447.738,0,,
134,2015.8,180.498,447.535,0,,
135,2123.3,180.974,446.019,0,,
136,2238.3,180.654,443.923,0,,
137,2358.3,180.488,442.556,0,,
138,2483.3,180.52,441.482,0,,
139,2615.8,180.214,440.657,0,,
140,2753.3,181.08,437.769,0,,
141,2898.3,181.263,436.219,0,,
142,3050.8,180.227,436.28,0,,
143,3210.8,180.816,434.75,0,,
144,3378.3,180.881,432.941,0,,
145,3555.8,180.528,432.353,0,,
146,3740.8,180.052,432.382,0,,
147,3935.8,180.359,430.426,0,,
148,4140.8,180.405,429.073,0,,
149,4355.8,180.271,428.822,0,,
150,4580.8,180.439,427.843,0,,
151,4818.3,179.95,427.204,0,,
152,5068.3,179.613,426.32,0,,
153,5330.8,180.303,424.782,0,,
154,5605.8,179.996,424.282,0,,
155,5895.8,180.07,423.204,0,,
156,6200.8,179.766,422.674,0,,
157,6520.8,179.976,421.646,0,,
158,6855.8,179.921,420.214,0,,
159,7208.3,179.614,420.86,0,,
160,7578.3,179.569,419.201,0,,
161,7965.8,179.789,418.686,0,,
162,8373.3,179.677,418.494,0,,
163,8800.8,179.21,418.472,0,,
164,9250.8,179.778,416.693,0,,
165,9723.3,179.108,417.028,0,,
166,10220.8,179.283,416.402,0,,
167,10743.3,179.426,414.992,0,,
168,11290.8,179.272,414.351,0,,
169,11865.8,179.367,412.681,0,,
170,12470.8,179.72,412.305,0,,
171,13105.8,179.327,411.75,0,,
172,13773.3,179.161,411.914,0,,
173,14475.8,179.272,411.11,0,,
174,15213.3,178.884,411.357,0,,
175,15988.3,179.806,408.694,0,,
176,16800.8,179.281,409.698,0,,
177,17655.8,179.189,409.042,0,,
178,18553.3,178.822,409.437,0,,
179,19495.8,178.852,409.066,0,,
180,20485.8,178.891,407.913,0,,
181,21525.8,178.352,408.792,0,,
182,22618.3,178.583,407.727,0,,
183,23768.3,178.493,407.597,0,,
184,24975.8,178.768,406.381,0,,
185,26243.3,178.582,405.43,0,,
186,27575.8,178.457,406.004,0,,
187,28975.8,179.003,404.063,0,,
188,30445.8,178.505,404.775,0,,
189,31990.8,179.188,403.457,0,,
190,33613.3,178.083,404.056,0,,
191,35318.3,178.621,402.785,0,,
192,37108.3,178.365,402.467,0,,
193,38990.8,178.312,402.623,0,,
194,40968.3,178.185,402.108,0,,
195,43045.8,177.045,404.426,0,,
196,45228.3,178.585,400.434,0,,
197,47520.8,177.96,401.785,0,,
198,49928.3,178.491,400.62,0,,
199,52458.3,178.065,400.344,0,,
200,55115.8,177.861,400.337,0,,
201,57908.3,178.352,400.012,0,,
202,60843.3,177.557,400.04,0,,
203,63925.8,177.372,400.364,0,,
204,67163.3,178.123,397.944,0,,
205,70565.8,178.195,399.291,0,,
206,74140.8,178.015,397.788,0,,
207,77895.8,177.603,398.723,0,,
208,81840.8,177.208,399.307,0,,
209,85985.8,177.714,397.296,0,,
210,90340.8,177.272,397.836,0,,
211,94915.8,177.738,397.298,0,,
212,99723.3,177.53,397.266,0,,
213,104773.3,177.042,397.577,0,,
214,110078.3,177.063,398.11,0,,
215,115653.3,177.617,396.577,0,,
216,121508.3,177.839,396.225,0,,
217,127660.8,177.747,395.533,0,,
218,134125.8,176.968,396.435,0,,
219,140915.8,177.539,395.8,0,,
220,148050.8,178.093,394.064,0,,
221,155545.8,177.921,393.977,0,,
222,163420.8,177.59,394.161,0,,
223,171695.8,177.547,394.345,0,,
224,180388.3,177.268,394.905,0,,
225,189520.8,177.601,393.278,0,,
226,199115.8,177.863,392.588,0,,
227,209195.8,177.682,392.65,0,,
----,,,,,,
DateTime:,      2021/06/11, 15:18:30,1.62344E+12,,,
PIF:,-604.37,,,,,
PARs:,0,0,0,0,0,0
Light:,0,0,0,0,0,0
Lamps:,    #10000,,,,,
Gain:,5,2, ,,,
S/N Ratio:,256.61,,,,,
Position:,0,0,   NoData,,,
Cycles:,1,,,,,
1,99,100,227,,,
DataPt,  Time(us),         EX,         EM,       Fit,,
==========,==========,==========,==========,=========,,
0,0,0,0,0,,
1,0.8,177.059,383.22,0,,
2,3.3,182.536,386.289,0,,
3,5.8,184.394,389.235,0,,
4,8.3,184.283,388.058,0,,
5,10.8,184.569,389.517,0,,
6,13.3,183.979,392.397,0,,
7,15.8,184.053,394.303,0,,
8,18.3,183.865,396.555,0,,
9,20.8,183.684,398.797,0,,
10,23.3,183.775,399.904,0,,
11,25.8,183.461,402.442,0,,
12,28.3,183.573,404.485,0,,
13,30.8,183.813,405.698,0,,
14,33.3,183.45,409.225,0,,
15,35.8,183.849,409.425,0,,
16,38.3,183.626,411.883,0,,
17,40.8,183.882,412.724,0,,
18,43.3,183.918,415.145,0,,
19,45.8,183.639,417.299,0,,
20,48.3,183.478,419.629,0,,
21,50.8,183.853,420.73,0,,
22,53.3,183.528,423.764,0,,
23,55.8,183.342,425.72,0,,
24,58.3,183.58,427.238,0,,
25,60.8,183.54,428.968,0,,
26,63.3,183.558,430.887,0,,
27,65.8,183.645,432.425,0,,
28,68.3,183.804,433.683,0,,
29,70.8,183.471,436.868,0,,
30,73.3,183.651,438.291,0,,
31,75.8,183.569,441.21,0,,
32,78.3,183.658,442.522,0,,
33,80.8,183.919,444.176,0,,
34,83.3,184.315,445.175,0,,
35,85.8,183.494,448.257,0,,
36,88.3,183.489,450.777,0,,
37,90.8,183.848,451.636,0,,
38,93.3,183.265,454.603,0,,
39,95.8,183.256,456.153,0,,
40,98.3,183.513,458.237,0,,
41,100.8,183.505,460.547,0,,
42,103.3,183.589,462.079,0,,
43,105.8,183.663,463.201,0,,
44,108.3,183.443,466.481,0,,
45,110.8,183.43,468.368,0,,
46,113.3,184.009,468.742,0,,
47,115.8,183.926,470.693,0,,
48,118.3,183.772,472.938,0,,
49,120.8,184.185,473.721,0,,
50,123.3,184.063,476.101,0,,
51,125.8,183.962,478.319,0,,
52,128.3,183.831,480.293,0,,
53,130.8,183.777,482.066,0,,
54,133.3,184.208,482.675,0,,
55,135.8,184.42,484.614,0,,
56,138.3,183.75,488.231,0,,
57,140.8,183.801,489.839,0,,
58,143.3,184.193,490.965,0,,
59,145.8,184.467,491.647,0,,
60,148.3,184.534,493.419,0,,
61,150.8,183.982,496.529,0,,
62,153.3,184.245,497.666,0,,
63,155.8,184.623,497.948,0,,
64,158.3,183.944,501.851,0,,
65,160.8,184.002,502.998,0,,
66,163.3,184.372,504.265,0,,
67,165.8,184.072,506.609,0,,
68,168.3,184.084,508.748,0,,
69,170.8,184.575,508.479,0,,
70,173.3,184.556,511.132,0,,
71,175.8,184.457,513.467,0,,
72,178.3,184.255,514.898,0,,
73,180.8,184.156,516.913,0,,
74,183.3,184.51,516.679,0,,
75,185.8,184.684,518.9,0,,
76,188.3,184.042,521.47,0,,
77,190.8,183.998,523.553,0,,
78,193.3,184.612,523.327,0,,
79,195.8,184.285,526.211,0,,
80,198.3,184.201,527.862,0,,
81,200.8,184.396,528.281,0,,
82,203.3,184.41,530.19,0,,
83,205.8,184.325,532.279,0,,
84,208.3,184.359,533.05,0,,
85,210.8,184.223,534.312,0,,
86,213.3,184.039,536.804,0,,
87,215.8,184.227,537.773,0,,
88,218.3,183.824,540.695,0,,
89,220.8,184.011,541.558,0,,
90,223.3,184.128,542.082,0,,
91,225.8,184.218,543.337,0,,
92,228.3,184.194,545.364,0,,
93,230.8,184.232,546.119,0,,
94,233.3,184.188,547.552,0,,
95,235.8,183.873,549.795,0,,
96,238.3,184.008,551.131,0,,
97,240.8,183.985,551.743,0,,
98,243.3,184.266,552.53,0,,
99,245.8,184.362,553.436,0,,
100,250.8,183.183,554.27,0,,
101,273.3,182.206,556.363,0,,
102,295.8,181.926,553.82,0,,
103,318.3,182.146,548.328,0,,
104,343.3,182.007,544.368,0,,
105,368.3,182.263,539.324,0,,
106,395.8,182.081,534.697,0,,
107,423.3,181.88,531.655,0,,
108,453.3,182.146,525.84,0,,
109,483.3,182.093,522.268,0,,
110,515.8,181.994,518.485,0,,
111,550.8,181.507,514.603,0,,
112,585.8,181.995,510.72,0,,
113,623.3,181.913,506.438,0,,
114,663.3,181.547,504.153,0,,
115,705.8,181.926,499.697,0,,
116,748.3,181.76,496.09,0,,
117,793.3,181.169,494.85,0,,
118,840.8,181.54,490.549,0,,
119,890.8,181.5,488.556,0,,
120,943.3,181.242,485.844,0,,
121,998.3,181.084,482.728,0,,
122,1055.8,180.999,480.014,0,,
123,1115.8,181.56,476.565,0,,
124,1178.3,181.845,474.381,0,,
125,1245.8,181.487,472.136,0,,
126,1315.8,181.273,470.05,0,,
127,1388.3,180.768,468.368,0,,
128,1465.8,180.976,466.074,0,,
129,1545.8,180.732,463.941,0,,
130,1630.8,181.079,460.856,0,,
131,1720.8,181.74,458.075,0,,
132,1815.8,181.286,456.226,0,,
133,1913.3,180.76,455.562,0,,
134,2015.8,180.927,452.942,0,,
135,2123.3,180.926,451.625,0,,
136,2238.3,180.869,449.223,0,,
137,2358.3,180.514,448.012,0,,
138,2483.3,180.16,447.211,0,,
139,2615.8,181.09,444.031,0,,
140,2753.3,180.529,442.633,0,,
141,2898.3,180.712,440.753,0,,
142,3050.8,181.191,438.266,0,,
143,3210.8,180.136,438.166,0,,
144,3378.3,180.095,436.807,0,,
145,3555.8,180.867,433.942,0,,
146,3740.8,180.397,433.418,0,,
147,3935.8,180.151,432.349,0,,
148,4140.8,180.293,430.548,0,,
149,4355.8,179.873,430.762,0,,
150,4580.8,180.051,428.57,0,,
151,4818.3,180.605,426.481,0,,
152,5068.3,180.064,426.65,0,,
153,5330.8,179.511,426.202,0,,
154,5605.8,179.962,424.054,0,,
155,5895.8,180.022,422.923,0,,
156,6200.8,179.818,422.09,0,,
157,6520.8,179.646,421.372,0,,
158,6855.8,179.856,420.093,0,,
159,7208.3,179.824,418.962,0,,
160,7578.3,179.654,418.55,0,,
161,7965.8,179.497,417.927,0,,
162,8373.3,179.48,417.164,0,,
163,8800.8,179.213,416.834,0,,
164,9250.8,179.404,415.162,0,,
165,9723.3,179.331,414.596,0,,
166,10220.8,179.606,413.609,0,,
167,10743.3,178.793,414.351,0,,
168,11290.8,179.482,412.745,0,,
169,11865.8,179.369,411.896,0,,
170,12470.8,179.354,410.494,0,,
171,13105.8,179.057,411.724,0,,
172,13773.3,179.246,409.63,0,,
173,14475.8,179.358,409.737,0,,
174,15213.3,178.797,410.009,0,,
175,15988.3,179.149,408.482,0,,
176,16800.8,179.069,408.631,0,,
177,17655.8,178.998,407.703,0,,
178,18553.3,178.569,407.84,0,,
179,19495.8,178.921,406.579,0,,
180,20485.8,178.71,406.305,0,,
181,21525.8,179.015,405.664,0,,
182,22618.3,178.928,404.436,0,,
183,23768.3,179.025,404.511,0,,
184,24975.8,178.538,404.421,0,,
185,26243.3,178.938,402.792,0,,
186,27575.8,178.296,403.854,0,,
187,28975.8,178.612,403.291,0,,
188,30445.8,178.277,402.855,0,,
189,31990.8,178.817,402.921,0,,
190,33613.3,177.911,402.642,0,,
191,35318.3,178.532,400.954,0,,
192,37108.3,178.354,400.796,0,,
193,38990.8,178.027,401.353,0,,
194,40968.3,177.751,402.116,0,,
195,43045.8,178.238,399.99,0,,
196,45228.3,178.137,399.751,0,,
197,47520.8,178.062,399.035,0,,
198,49928.3,177.953,399.761,0,,
199,52458.3,177.822,398.676,0,,
200,55115.8,178.22,397.656,0,,
201,57908.3,178.021,398.24,0,,
202,60843.3,177.972,397.531,0,,
203,63925.8,177.715,398.013,0,,
204,67163.3,177.426,398.316,0,,
205,70565.8,177.682,397.156,0,,
206,74140.8,177.696,397.156,0,,
207,77895.8,178.18,395.436,0,,
208,81840.8,176.787,398.445,0,,
209,85985.8,177.511,396.458,0,,
210,90340.8,177.443,395.623,0,,
211,94915.8,177.715,396.183,0,,
212,99723.3,177.388,395.508,0,,
213,104773.3,177.783,395.191,0,,
214,110078.3,177.198,395.93,0,,
215,115653.3,177.234,395.23,0,,
216,121508.3,177.258,394.709,0,,
217,127660.8,177.678,394.721,0,,
218,134125.8,177.803,393.811,0,,
219,140915.8,177.123,394.346,0,,
220,148050.8,177.621,393.877,0,,
221,155545.8,177.347,393.807,0,,
222,163420.8,177.789,392.814,0,,
223,171695.8,176.901,393.752,0,,
224,180388.3,177.401,392.992,0,,
225,189520.8,177.033,393.063,0,,
226,199115.8,177.313,392.01,0,,
227,209195.8,177.874,390.75,0,,
----,,,,,,
DateTime:,      2021/06/11, 15:21:32,1.62344E+12,,,
PIF:,-564.48,,,,,
PARs:,0,0,0,0,0,0
Light:,160,0,0,0,0,0
Lamps:,    #10000,,,,,
Gain:,5,2, ,,,
S/N Ratio:,241.67,,,,,
Position:,0,0,   NoData,,,
Cycles:,1,,,,,
1,99,100,227,,,
DataPt,  Time(us),         EX,         EM,       Fit,,
==========,==========,==========,==========,=========,,
0,0,0,0,0,,
1,0.8,179.841,372.539,0,,
2,3.3,181.522,369.22,0,,
3,5.8,183.941,365.975,0,,
4,8.3,183.45,365.538,0,,
5,10.8,183.446,367.18,0,,
6,13.3,182.862,370.213,0,,
7,15.8,183.315,370.607,0,,
8,18.3,183.128,373.059,0,,
9,20.8,183.043,374.216,0,,
10,23.3,182.943,376.388,0,,
11,25.8,183.012,378.214,0,,
12,28.3,182.932,380.019,0,,
13,30.8,182.885,382.304,0,,
14,33.3,183,383.048,0,,
15,35.8,183.205,384.475,0,,
16,38.3,182.984,386.36,0,,
17,40.8,183.142,387.773,0,,
18,43.3,182.609,390.33,0,,
19,45.8,182.712,392.189,0,,
20,48.3,182.836,393.346,0,,
21,50.8,182.924,394.797,0,,
22,53.3,182.886,397.066,0,,
23,55.8,182.797,399.229,0,,
24,58.3,183.126,400.258,0,,
25,60.8,182.896,401.527,0,,
26,63.3,183.009,403.356,0,,
27,65.8,183.19,404.487,0,,
28,68.3,182.968,407.49,0,,
29,70.8,183.112,408.809,0,,
30,73.3,182.533,411.42,0,,
31,75.8,182.736,412.276,0,,
32,78.3,182.918,413.943,0,,
33,80.8,182.988,415.535,0,,
34,83.3,183.19,416.822,0,,
35,85.8,182.945,418.692,0,,
36,88.3,183.129,420.019,0,,
37,90.8,182.823,422.255,0,,
38,93.3,182.907,423.811,0,,
39,95.8,182.614,426.79,0,,
40,98.3,182.869,427.617,0,,
41,100.8,182.671,430.05,0,,
42,103.3,182.565,431.614,0,,
43,105.8,182.638,433.303,0,,
44,108.3,182.893,434.121,0,,
45,110.8,182.502,437.024,0,,
46,113.3,182.603,438.535,0,,
47,115.8,182.71,439.373,0,,
48,118.3,182.462,441.942,0,,
49,120.8,182.589,443.06,0,,
50,123.3,182.656,444.758,0,,
51,125.8,182.556,446.534,0,,
52,128.3,182.237,448.963,0,,
53,130.8,182.373,449.944,0,,
54,133.3,182.516,451.564,0,,
55,135.8,182.254,453.311,0,,
56,138.3,182.536,454.584,0,,
57,140.8,182.302,456.373,0,,
58,143.3,182.313,458.43,0,,
59,145.8,182.206,460.127,0,,
60,148.3,181.895,462.123,0,,
61,150.8,182.671,462.569,0,,
62,153.3,182.175,464.266,0,,
63,155.8,182.927,464.108,0,,
64,158.3,182.539,466.848,0,,
65,160.8,182.218,469.206,0,,
66,163.3,182.49,470.369,0,,
67,165.8,182.193,471.685,0,,
68,168.3,181.922,474.477,0,,
69,170.8,182.219,475.679,0,,
70,173.3,182.389,476.991,0,,
71,175.8,182.574,477.493,0,,
72,178.3,182.846,477.986,0,,
73,180.8,182.276,480.578,0,,
74,183.3,182.249,481.636,0,,
75,185.8,182.421,483.594,0,,
76,188.3,182.635,484.013,0,,
77,190.8,182.214,486.888,0,,
78,193.3,182.444,487.259,0,,
79,195.8,182.686,487.709,0,,
80,198.3,182.226,490.258,0,,
81,200.8,182.136,491.929,0,,
82,203.3,182.339,493.354,0,,
83,205.8,182.255,494.569,0,,
84,208.3,182.666,495.1,0,,
85,210.8,182.154,497.259,0,,
86,213.3,182.537,497.64,0,,
87,215.8,182.63,499.25,0,,
88,218.3,182.324,500.524,0,,
89,220.8,182.981,500.367,0,,
90,223.3,183.003,501.728,0,,
91,225.8,182.621,503.326,0,,
92,228.3,182.502,504.969,0,,
93,230.8,182.634,506.793,0,,
94,233.3,182.874,506.895,0,,
95,235.8,182.656,508.485,0,,
96,238.3,182.79,509.535,0,,
97,240.8,182.767,510.802,0,,
98,243.3,182.385,512.859,0,,
99,245.8,182.763,512.674,0,,
100,250.8,181.595,515.972,0,,
101,273.3,181.665,519.516,0,,
102,295.8,181.863,515.784,0,,
103,318.3,181.602,512.499,0,,
104,343.3,181.744,508.384,0,,
105,368.3,181.621,503.578,0,,
106,395.8,181.448,499.558,0,,
107,423.3,180.789,497.525,0,,
108,453.3,180.978,492.392,0,,
109,483.3,181.498,487.571,0,,
110,515.8,181.011,484.57,0,,
111,550.8,181.194,480.568,0,,
112,585.8,181.386,476.222,0,,
113,623.3,181.598,472.594,0,,
114,663.3,181.412,470.01,0,,
115,705.8,181.033,467.144,0,,
116,748.3,181.238,463.975,0,,
117,793.3,181.504,460.675,0,,
118,840.8,181.119,457.695,0,,
119,890.8,181.183,455.227,0,,
120,943.3,181.024,452.769,0,,
121,998.3,180.588,451.329,0,,
122,1055.8,181.17,447.516,0,,
123,1115.8,180.872,445.84,0,,
124,1178.3,180.897,444.484,0,,
125,1245.8,181.311,440.075,0,,
126,1315.8,180.923,438.603,0,,
127,1388.3,181.097,436.999,0,,
128,1465.8,181.293,434.891,0,,
129,1545.8,180.661,433.321,0,,
130,1630.8,180.521,431.557,0,,
131,1720.8,180.701,429.492,0,,
132,1815.8,181.011,426.443,0,,
133,1913.3,180.779,425.104,0,,
134,2015.8,181.051,422.275,0,,
135,2123.3,180.587,420.935,0,,
136,2238.3,181.112,418.514,0,,
137,2358.3,180.775,417.319,0,,
138,2483.3,180.906,415.918,0,,
139,2615.8,181.177,413.31,0,,
140,2753.3,180.813,411.945,0,,
141,2898.3,180.722,410.724,0,,
142,3050.8,181.106,408.307,0,,
143,3210.8,180.641,406.915,0,,
144,3378.3,180.696,406.347,0,,
145,3555.8,180.443,403.927,0,,
146,3740.8,180.82,402.76,0,,
147,3935.8,180.665,402.334,0,,
148,4140.8,181.367,399.121,0,,
149,4355.8,180.483,398.974,0,,
150,4580.8,180.495,397.971,0,,
151,4818.3,180.847,395.963,0,,
152,5068.3,180.597,395.265,0,,
153,5330.8,180.796,393.934,0,,
154,5605.8,180.86,393.443,0,,
155,5895.8,180.645,391.913,0,,
156,6200.8,180.451,391.565,0,,
157,6520.8,180.555,390.758,0,,
158,6855.8,180.576,389.275,0,,
159,7208.3,180.425,388.732,0,,
160,7578.3,180.161,389.194,0,,
161,7965.8,180.939,386.742,0,,
162,8373.3,180.263,387.071,0,,
163,8800.8,180.082,386.571,0,,
164,9250.8,180.655,385.236,0,,
165,9723.3,180.175,384.728,0,,
166,10220.8,180.097,385.173,0,,
167,10743.3,180.22,384.489,0,,
168,11290.8,180.51,383.437,0,,
169,11865.8,180.394,383.224,0,,
170,12470.8,180.532,382.147,0,,
171,13105.8,180.542,381.78,0,,
172,13773.3,180.155,382.054,0,,
173,14475.8,180.445,380.67,0,,
174,15213.3,180.198,381.476,0,,
175,15988.3,180.258,381.498,0,,
176,16800.8,180.201,381.058,0,,
177,17655.8,180.733,378.824,0,,
178,18553.3,180.329,379.283,0,,
179,19495.8,180.196,379.018,0,,
180,20485.8,180.069,379.052,0,,
181,21525.8,180.24,377.928,0,,
182,22618.3,180.245,378.238,0,,
183,23768.3,180.245,377.557,0,,
184,24975.8,180.001,378.607,0,,
185,26243.3,180.447,377.707,0,,
186,27575.8,179.56,378.618,0,,
187,28975.8,179.756,377.986,0,,
188,30445.8,180.32,377.216,0,,
189,31990.8,180.706,376.007,0,,
190,33613.3,180.257,376.553,0,,
191,35318.3,180.081,376.932,0,,
192,37108.3,180.481,376.427,0,,
193,38990.8,180.017,377.3,0,,
194,40968.3,179.482,377.488,0,,
195,43045.8,180.102,376.247,0,,
196,45228.3,180.206,376.37,0,,
197,47520.8,180.303,376.243,0,,
198,49928.3,180.217,375.209,0,,
199,52458.3,180.341,375.411,0,,
200,55115.8,179.992,375.982,0,,
201,57908.3,179.605,376.176,0,,
202,60843.3,180.114,375.596,0,,
203,63925.8,180.253,375.125,0,,
204,67163.3,179.595,376.393,0,,
205,70565.8,179.943,375.473,0,,
206,74140.8,179.919,376.068,0,,
207,77895.8,179.614,376.653,0,,
208,81840.8,180.191,375.384,0,,
209,85985.8,180.029,375.415,0,,
210,90340.8,179.729,376.3,0,,
211,94915.8,180.157,375.091,0,,
212,99723.3,180.033,374.952,0,,
213,104773.3,179.596,375.943,0,,
214,110078.3,180.204,374.637,0,,
215,115653.3,180.114,374.575,0,,
216,121508.3,179.594,374.95,0,,
217,127660.8,179.633,376.154,0,,
218,134125.8,180.274,374.079,0,,
219,140915.8,180.207,374.446,0,,
220,148050.8,179.968,374.929,0,,
221,155545.8,180.105,373.886,0,,
222,163420.8,180.081,374.707,0,,
223,171695.8,179.98,374.192,0,,
224,180388.3,179.412,375.247,0,,
225,189520.8,179.967,374.603,0,,
226,199115.8,179.929,374.361,0,,
227,209195.8,180.107,373.819,0,,
----,,,,,,
DateTime:,      2021/06/11, 15:21:34,1.62344E+12,,,
PIF:,-602.46,,,,,
PARs:,0,0,0,0,0,0
Light:,0,0,0,0,0,0
Lamps:,    #10000,,,,,
Gain:,5,2, ,,,
S/N Ratio:,291.2,,,,,
Position:,0,0,   NoData,,,
Cycles:,1,,,,,
1,99,100,227,,,
DataPt,  Time(us),         EX,         EM,       Fit,,
==========,==========,==========,==========,=========,,
0,0,0,0,0,,
1,0.8,176.754,327.174,0,,
2,3.3,182.125,329.885,0,,
3,5.8,184.459,332.483,0,,
4,8.3,184.349,333.442,0,,
5,10.8,184.633,332.711,0,,
6,13.3,184.332,334.34,0,,
7,15.8,183.735,337.822,0,,
8,18.3,183.739,339.882,0,,
9,20.8,183.654,341.564,0,,
10,23.3,184.415,341.565,0,,
11,25.8,183.814,344.857,0,,
12,28.3,183.543,346.892,0,,
13,30.8,184.26,347.495,0,,
14,33.3,183.516,350.322,0,,
15,35.8,184.009,351.99,0,,
16,38.3,183.882,353.539,0,,
17,40.8,183.755,355.416,0,,
18,43.3,183.791,357.741,0,,
19,45.8,183.8,359.356,0,,
20,48.3,183.924,360.744,0,,
21,50.8,183.917,362.823,0,,
22,53.3,183.975,364.667,0,,
23,55.8,183.789,366.885,0,,
24,58.3,183.931,369.103,0,,
25,60.8,184.272,369.831,0,,
26,63.3,183.908,371.759,0,,
27,65.8,184.281,372.96,0,,
28,68.3,183.963,375.562,0,,
29,70.8,183.535,378.507,0,,
30,73.3,184.001,379.288,0,,
31,75.8,184.11,380.802,0,,
32,78.3,184.676,382.018,0,,
33,80.8,183.887,384.853,0,,
34,83.3,184.378,385.998,0,,
35,85.8,183.94,388.44,0,,
36,88.3,184.03,390.097,0,,
37,90.8,184.484,391.089,0,,
38,93.3,184.092,394.203,0,,
39,95.8,183.987,395.949,0,,
40,98.3,183.672,397.499,0,,
41,100.8,184.331,399.007,0,,
42,103.3,184.129,400.532,0,,
43,105.8,183.821,402.617,0,,
44,108.3,184.078,404.228,0,,
45,110.8,184.256,405.901,0,,
46,113.3,184.167,407.509,0,,
47,115.8,184.275,409.549,0,,
48,118.3,184.502,410.78,0,,
49,120.8,184.438,412.656,0,,
50,123.3,184.316,414.775,0,,
51,125.8,183.739,417.056,0,,
52,128.3,184.084,418.665,0,,
53,130.8,184.316,419.548,0,,
54,133.3,184.46,420.955,0,,
55,135.8,184.387,422.425,0,,
56,138.3,184.194,425.364,0,,
57,140.8,183.863,427.435,0,,
58,143.3,184.256,427.936,0,,
59,145.8,183.862,430.593,0,,
60,148.3,184.024,431.517,0,,
61,150.8,184.235,433.194,0,,
62,153.3,182.974,437.819,0,,
63,155.8,183.542,437.555,0,,
64,158.3,184.007,437.971,0,,
65,160.8,183.779,440.147,0,,
66,163.3,184.053,441.12,0,,
67,165.8,183.849,443.351,0,,
68,168.3,183.766,444.966,0,,
69,170.8,183.875,446.007,0,,
70,173.3,183.761,447.917,0,,
71,175.8,184.043,449.296,0,,
72,178.3,183.841,450.442,0,,
73,180.8,183.932,452.501,0,,
74,183.3,184.095,453.186,0,,
75,185.8,183.698,455.582,0,,
76,188.3,184.199,456.514,0,,
77,190.8,184.44,457.219,0,,
78,193.3,184.102,459.362,0,,
79,195.8,183.68,461.506,0,,
80,198.3,184.072,462.045,0,,
81,200.8,183.601,464.43,0,,
82,203.3,183.901,465.52,0,,
83,205.8,183.721,467.282,0,,
84,208.3,183.659,469.073,0,,
85,210.8,183.809,469.996,0,,
86,213.3,183.72,471.422,0,,
87,215.8,183.813,471.944,0,,
88,218.3,183.696,474.097,0,,
89,220.8,183.883,474.485,0,,
90,223.3,183.619,476.8,0,,
91,225.8,184.185,477.616,0,,
92,228.3,183.78,479.104,0,,
93,230.8,183.913,480.279,0,,
94,233.3,183.964,481.123,0,,
95,235.8,183.65,483.036,0,,
96,238.3,183.594,485.252,0,,
97,240.8,183.857,485.212,0,,
98,243.3,183.662,487.143,0,,
99,245.8,183.853,488.16,0,,
100,250.8,182.771,487.548,0,,
101,273.3,182.081,488.626,0,,
102,295.8,182.105,485.178,0,,
103,318.3,182.04,481.185,0,,
104,343.3,182.092,476.543,0,,
105,368.3,181.972,472.134,0,,
106,395.8,181.987,468.249,0,,
107,423.3,181.999,463.624,0,,
108,453.3,181.89,458.526,0,,
109,483.3,181.844,454.795,0,,
110,515.8,181.468,451.775,0,,
111,550.8,181.648,448.251,0,,
112,585.8,181.835,444.054,0,,
113,623.3,182.421,439.229,0,,
114,663.3,181.49,437.296,0,,
115,705.8,181.111,433.805,0,,
116,748.3,180.941,431.672,0,,
117,793.3,181.499,427.818,0,,
118,840.8,181.58,424.655,0,,
119,890.8,181.736,421.321,0,,
120,943.3,181.482,418.831,0,,
121,998.3,181.523,416.975,0,,
122,1055.8,181.346,414.876,0,,
123,1115.8,181.333,412.255,0,,
124,1178.3,181.446,409.685,0,,
125,1245.8,181.189,407.413,0,,
126,1315.8,181.27,405.26,0,,
127,1388.3,181.058,404.072,0,,
128,1465.8,180.503,402.332,0,,
129,1545.8,180.815,399.75,0,,
130,1630.8,181.444,396.597,0,,
131,1720.8,181.051,395.347,0,,
132,1815.8,181.06,392.991,0,,
133,1913.3,180.748,391.577,0,,
134,2015.8,180.818,389.538,0,,
135,2123.3,180.808,388.249,0,,
136,2238.3,180.763,386.023,0,,
137,2358.3,180.593,383.936,0,,
138,2483.3,181.008,382.065,0,,
139,2615.8,180.326,381.182,0,,
140,2753.3,181.287,378.387,0,,
141,2898.3,180.814,376.608,0,,
142,3050.8,180.431,375.963,0,,
143,3210.8,180.614,374.482,0,,
144,3378.3,180.669,372.494,0,,
145,3555.8,180.773,370.955,0,,
146,3740.8,180.207,370.458,0,,
147,3935.8,180.034,369.473,0,,
148,4140.8,180.459,367.038,0,,
149,4355.8,180.23,366.386,0,,
150,4580.8,179.935,364.88,0,,
151,4818.3,179.729,363.749,0,,
152,5068.3,180.253,362.923,0,,
153,5330.8,179.808,362.387,0,,
154,5605.8,180.158,360.71,0,,
155,5895.8,180.251,360.096,0,,
156,6200.8,179.682,358.696,0,,
157,6520.8,179.882,357.987,0,,
158,6855.8,179.636,357.266,0,,
159,7208.3,179.895,355.967,0,,
160,7578.3,179.365,355.663,0,,
161,7965.8,180.231,353.949,0,,
162,8373.3,179.54,353.644,0,,
163,8800.8,179.369,353.96,0,,
164,9250.8,179.466,352.541,0,,
165,9723.3,179.378,352.158,0,,
166,10220.8,179.357,351.278,0,,
167,10743.3,178.757,351.261,0,,
168,11290.8,179.932,349.167,0,,
169,11865.8,179.532,349.351,0,,
170,12470.8,179.486,349.207,0,,
171,13105.8,179.502,347.147,0,,
172,13773.3,178.972,348.201,0,,
173,14475.8,179.04,347.728,0,,
174,15213.3,178.627,347.223,0,,
175,15988.3,179.061,346.793,0,,
176,16800.8,179.147,345.246,0,,
177,17655.8,179,345.499,0,,
178,18553.3,179.106,344.357,0,,
179,19495.8,179.295,343.907,0,,
180,20485.8,179.176,343.087,0,,
181,21525.8,178.942,343.385,0,,
182,22618.3,177.687,343.821,0,,
183,23768.3,178.681,342.07,0,,
184,24975.8,178.741,341.889,0,,
185,26243.3,178.699,341.406,0,,
186,27575.8,178.068,341.705,0,,
187,28975.8,178.445,340.654,0,,
188,30445.8,178.606,339.827,0,,
189,31990.8,178.584,339.305,0,,
190,33613.3,178.586,339.305,0,,
191,35318.3,178.295,339.794,0,,
192,37108.3,178.168,338.969,0,,
193,38990.8,177.856,338.394,0,,
194,40968.3,177.395,338.84,0,,
195,43045.8,178.17,338.27,0,,
196,45228.3,177.721,338.06,0,,
197,47520.8,177.829,337.127,0,,
198,49928.3,178.192,335.907,0,,
199,52458.3,177.928,336.319,0,,
200,55115.8,178.06,335.872,0,,
201,57908.3,177.65,336.1,0,,
202,60843.3,178.434,333.988,0,,
203,63925.8,177.522,336.198,0,,
204,67163.3,177.568,335.584,0,,
205,70565.8,177.623,334.972,0,,
206,74140.8,177.894,334.293,0,,
207,77895.8,177.687,333.902,0,,
208,81840.8,178.039,333.179,0,,
209,85985.8,177.278,334.332,0,,
210,90340.8,177.297,334.051,0,,
211,94915.8,177.82,333.024,0,,
212,99723.3,177.139,333.874,0,,
213,104773.3,177.806,332.43,0,,
214,110078.3,177.781,332.811,0,,
215,115653.3,177.258,332.556,0,,
216,121508.3,177.864,331.977,0,,
217,127660.8,177.488,332.131,0,,
218,134125.8,177.709,331.253,0,,
219,140915.8,177.57,332.137,0,,
220,148050.8,177.154,332.01,0,,
221,155545.8,177.252,332.051,0,,
222,163420.8,177.306,331.445,0,,
223,171695.8,177.69,330.159,0,,
224,180388.3,177.583,329.68,0,,
225,189520.8,177.522,329.97,0,,
226,199115.8,177.996,329.895,0,,
227,209195.8,177.37,329.872,0,,
----,,,,,,
DateTime:,      2021/06/11, 15:24:36,1.62344E+12,,,
PIF:,-522.57,,,,,
PARs:,0,0,0,0,0,0
Light:,320,0,0,0,0,0
Lamps:,    #10000,,,,,
Gain:,5,2, ,,,
S/N Ratio:,221.57,,,,,
Position:,0,0,   NoData,,,
Cycles:,1,,,,,
1,99,100,227,,,
DataPt,  Time(us),         EX,         EM,       Fit,,
==========,==========,==========,==========,=========,,
0,0,0,0,0,,
1,0.8,179.702,372.048,0,,
2,3.3,181.761,368.335,0,,
3,5.8,183.705,364.703,0,,
4,8.3,183.309,364.181,0,,
5,10.8,183.115,366.315,0,,
6,13.3,183.007,367.188,0,,
7,15.8,182.794,369.912,0,,
8,18.3,182.988,370.722,0,,
9,20.8,182.808,372.4,0,,
10,23.3,183.184,373.602,0,,
11,25.8,182.873,375.66,0,,
12,28.3,182.888,377.16,0,,
13,30.8,183.03,378.177,0,,
14,33.3,183.05,379.884,0,,
15,35.8,183.066,381.272,0,,
16,38.3,182.56,384.19,0,,
17,40.8,182.529,385.899,0,,
18,43.3,182.944,386.665,0,,
19,45.8,182.573,389.203,0,,
20,48.3,182.886,389.629,0,,
21,50.8,182.69,391.909,0,,
22,53.3,182.652,392.757,0,,
23,55.8,182.942,394.212,0,,
24,58.3,182.609,395.917,0,,
25,60.8,182.568,397.758,0,,
26,63.3,182.397,399.776,0,,
27,65.8,182.483,401.013,0,,
28,68.3,182.356,402.498,0,,
29,70.8,182.216,404.673,0,,
30,73.3,182.015,406.767,0,,
31,75.8,182.597,407.333,0,,
32,78.3,182.495,408.765,0,,
33,80.8,182.754,410.156,0,,
34,83.3,182.768,410.892,0,,
35,85.8,182.807,412.665,0,,
36,88.3,182.801,413.99,0,,
37,90.8,182.589,416.661,0,,
38,93.3,182.768,416.801,0,,
39,95.8,182.948,417.92,0,,
40,98.3,182.73,420.061,0,,
41,100.8,182.911,421.504,0,,
42,103.3,183.089,422.734,0,,
43,105.8,182.878,424.096,0,,
44,108.3,182.66,426.792,0,,
45,110.8,182.647,427.917,0,,
46,113.3,182.653,429.655,0,,
47,115.8,182.855,430.712,0,,
48,118.3,182.607,432.172,0,,
49,120.8,182.545,433.307,0,,
50,123.3,182.801,434.668,0,,
51,125.8,182.702,436.438,0,,
52,128.3,182.382,438.189,0,,
53,130.8,183.18,438.573,0,,
54,133.3,182.661,440.804,0,,
55,135.8,183.25,440.371,0,,
56,138.3,182.586,443.505,0,,
57,140.8,183.108,443.551,0,,
58,143.3,182.836,445.633,0,,
59,145.8,182.823,447.634,0,,
60,148.3,182.701,447.824,0,,
61,150.8,183.099,449.253,0,,
62,153.3,182.698,451.444,0,,
63,155.8,182.978,451.628,0,,
64,158.3,182.684,454.107,0,,
65,160.8,182.551,455.202,0,,
66,163.3,182.824,456.055,0,,
67,165.8,183.188,456.678,0,,
68,168.3,182.633,459.269,0,,
69,170.8,183.214,459.123,0,,
70,173.3,182.534,462.04,0,,
71,175.8,183.191,461.909,0,,
72,178.3,182.991,463.945,0,,
73,180.8,182.798,464.872,0,,
74,183.3,182.583,466.516,0,,
75,185.8,182.566,467.874,0,,
76,188.3,182.969,467.389,0,,
77,190.8,182.925,468.924,0,,
78,193.3,182.873,469.605,0,,
79,195.8,182.548,472.192,0,,
80,198.3,182.654,472.904,0,,
81,200.8,182.28,474.971,0,,
82,203.3,182.862,475.101,0,,
83,205.8,182.966,475.814,0,,
84,208.3,182.527,478.272,0,,
85,210.8,182.676,479.197,0,,
86,213.3,182.682,479.838,0,,
87,215.8,182.68,480.828,0,,
88,218.3,182.469,481.604,0,,
89,220.8,182.372,483.177,0,,
90,223.3,182.582,484.045,0,,
91,225.8,182.482,485.185,0,,
92,228.3,182.458,485.689,0,,
93,230.8,182.496,486.903,0,,
94,233.3,182.264,488.291,0,,
95,235.8,182.707,488.53,0,,
96,238.3,182.84,488.939,0,,
97,240.8,182.252,492.165,0,,
98,243.3,182.624,492.146,0,,
99,245.8,182.436,492.873,0,,
100,250.8,181.739,493.663,0,,
101,273.3,181.243,499.868,0,,
102,295.8,181.543,495.426,0,,
103,318.3,181.077,493.952,0,,
104,343.3,181.117,491.652,0,,
105,368.3,181.178,487.187,0,,
106,395.8,181.285,483.488,0,,
107,423.3,181.482,479.772,0,,
108,453.3,181.553,476.391,0,,
109,483.3,181.316,473.597,0,,
110,515.8,181.213,471.245,0,,
111,550.8,181.192,467.232,0,,
112,585.8,181.277,464.043,0,,
113,623.3,181.669,459.858,0,,
114,663.3,181.777,457.606,0,,
115,705.8,181.389,455.844,0,,
116,748.3,181.41,453.163,0,,
117,793.3,180.922,450.749,0,,
118,840.8,180.911,448.916,0,,
119,890.8,180.687,446.385,0,,
120,943.3,181.097,443.067,0,,
121,998.3,180.854,441.796,0,,
122,1055.8,180.959,439.261,0,,
123,1115.8,181.875,436.18,0,,
124,1178.3,181.138,434.55,0,,
125,1245.8,180.873,433.988,0,,
126,1315.8,181.045,431.042,0,,
127,1388.3,181.224,428.992,0,,
128,1465.8,180.96,426.992,0,,
129,1545.8,180.238,427.283,0,,
130,1630.8,180.858,423.744,0,,
131,1720.8,180.571,422.228,0,,
132,1815.8,180.883,419.854,0,,
133,1913.3,180.851,418.286,0,,
134,2015.8,181.018,416.381,0,,
135,2123.3,180.551,416.159,0,,
136,2238.3,180.613,413.698,0,,
137,2358.3,180.659,412.071,0,,
138,2483.3,180.237,411.17,0,,
139,2615.8,180.905,408.447,0,,
140,2753.3,181.026,406.321,0,,
141,2898.3,180.551,406.296,0,,
142,3050.8,180.558,404.417,0,,
143,3210.8,180.856,402.23,0,,
144,3378.3,180.823,401.109,0,,
145,3555.8,180.656,400.289,0,,
146,3740.8,180.663,398.979,0,,
147,3935.8,180.96,397.018,0,,
148,4140.8,180.539,397.193,0,,
149,4355.8,180.216,395.472,0,,
150,4580.8,180.767,394.376,0,,
151,4818.3,180.934,392.906,0,,
152,5068.3,180.607,392.082,0,,
153,5330.8,181.211,390.583,0,,
154,5605.8,180.537,390.633,0,,
155,5895.8,180.532,388.885,0,,
156,6200.8,180.716,387.628,0,,
157,6520.8,180.721,386.961,0,,
158,6855.8,180.191,387.108,0,,
159,7208.3,180.353,386.903,0,,
160,7578.3,180.753,385.032,0,,
161,7965.8,180.499,384.69,0,,
162,8373.3,180.302,384.239,0,,
163,8800.8,180.321,384.314,0,,
164,9250.8,180.3,383.682,0,,
165,9723.3,180.768,382.033,0,,
166,10220.8,180.372,382.078,0,,
167,10743.3,180.121,382.275,0,,
168,11290.8,180.247,381.433,0,,
169,11865.8,180.689,380.034,0,,
170,12470.8,180.542,380.006,0,,
171,13105.8,180.476,379.77,0,,
172,13773.3,180.579,379.124,0,,
173,14475.8,180.069,380.309,0,,
174,15213.3,180.614,378.724,0,,
175,15988.3,180.186,379.316,0,,
176,16800.8,180.501,378.519,0,,
177,17655.8,179.823,379.754,0,,
178,18553.3,180.56,377.627,0,,
179,19495.8,180.052,378.9,0,,
180,20485.8,180.334,377.589,0,,
181,21525.8,180.083,377.922,0,,
182,22618.3,180.671,376.873,0,,
183,23768.3,180.704,376.784,0,,
184,24975.8,179.802,378.058,0,,
185,26243.3,180.467,376.775,0,,
186,27575.8,179.935,377.998,0,,
187,28975.8,179.846,376.989,0,,
188,30445.8,180.341,376.976,0,,
189,31990.8,180.182,376.208,0,,
190,33613.3,180.077,375.93,0,,
191,35318.3,180.372,375.619,0,,
192,37108.3,180.163,376.314,0,,
193,38990.8,179.998,376.868,0,,
194,40968.3,179.739,377.046,0,,
195,43045.8,180.337,376.022,0,,
196,45228.3,179.753,376.411,0,,
197,47520.8,180.338,374.456,0,,
198,49928.3,180.22,375.648,0,,
199,52458.3,179.547,376.357,0,,
200,55115.8,180.391,375.031,0,,
201,57908.3,179.781,376.214,0,,
202,60843.3,179.754,376.139,0,,
203,63925.8,179.742,375.213,0,,
204,67163.3,179.795,374.976,0,,
205,70565.8,179.023,375.99,0,,
206,74140.8,179.977,374.834,0,,
207,77895.8,179.596,375.205,0,,
208,81840.8,180.115,375.01,0,,
209,85985.8,180.478,372.833,0,,
210,90340.8,179.709,374.912,0,,
211,94915.8,180.026,374.251,0,,
212,99723.3,180.118,373.808,0,,
213,104773.3,179.932,374.312,0,,
214,110078.3,179.277,374.875,0,,
215,115653.3,179.676,374.169,0,,
216,121508.3,180.212,373.353,0,,
217,127660.8,179.382,374.469,0,,
218,134125.8,180.496,372.725,0,,
219,140915.8,179.983,374.361,0,,
220,148050.8,179.879,374.557,0,,
221,155545.8,179.606,374.736,0,,
222,163420.8,180.166,373.35,0,,
223,171695.8,179.94,373.476,0,,
224,180388.3,179.76,373.867,0,,
225,189520.8,179.5,373.549,0,,
226,199115.8,179.2,375.522,0,,
227,209195.8,179.643,374.364,0,,
----,,,,,,
DateTime:,      2021/06/11, 15:24:38,1.62344E+12,,,
PIF:,-598.64,,,,,
PARs:,0,0,0,0,0,0
Light:,0,0,0,0,0,0
Lamps:,    #10000,,,,,
Gain:,5,2, ,,,
S/N Ratio:,224.95,,,,,
Position:,0,0,   NoData,,,
Cycles:,1,,,,,
1,99,100,227,,,
DataPt,  Time(us),         EX,         EM,       Fit,,
==========,==========,==========,==========,=========,,
0,0,0,0,0,,
1,0.8,177.749,311.585,0,,
2,3.3,182.933,314.497,0,,
3,5.8,184.506,317.302,0,,
4,8.3,184.874,317.751,0,,
5,10.8,184.679,318.629,0,,
6,13.3,184.378,319.583,0,,
7,15.8,184.26,321.741,0,,
8,18.3,184.072,323.373,0,,
9,20.8,184.56,324.576,0,,
10,23.3,184.077,326.297,0,,
11,25.8,184.338,328.44,0,,
12,28.3,183.971,330.074,0,,
13,30.8,184.305,331.103,0,,
14,33.3,184.039,333.647,0,,
15,35.8,184.245,334.575,0,,
16,38.3,184.214,336.695,0,,
17,40.8,184.469,337.423,0,,
18,43.3,184.122,339.578,0,,
19,45.8,184.512,340.811,0,,
20,48.3,183.874,343.409,0,,
21,50.8,183.962,345.092,0,,
22,53.3,184.02,347.267,0,,
23,55.8,184.12,347.837,0,,
24,58.3,184.167,349.813,0,,
25,60.8,184.03,351.485,0,,
26,63.3,184.144,352.681,0,,
27,65.8,183.563,355.757,0,,
28,68.3,184.198,355.943,0,,
29,70.8,183.962,358.14,0,,
30,73.3,184.046,359.389,0,,
31,75.8,184.155,360.588,0,,
32,78.3,183.957,362.932,0,,
33,80.8,184.313,363.642,0,,
34,83.3,183.755,366.379,0,,
35,85.8,184.27,366.983,0,,
36,88.3,183.884,369.711,0,,
37,90.8,184.147,370.487,0,,
38,93.3,184.136,372.464,0,,
39,95.8,184.412,373.423,0,,
40,98.3,183.622,376.774,0,,
41,100.8,183.899,377.62,0,,
42,103.3,183.792,379.362,0,,
43,105.8,183.866,379.646,0,,
44,108.3,184.313,381.33,0,,
45,110.8,184.014,384.014,0,,
46,113.3,183.64,386.104,0,,
47,115.8,184.509,384.827,0,,
48,118.3,183.499,388.798,0,,
49,120.8,184.101,389.372,0,,
50,123.3,184.074,391.277,0,,
51,125.8,184.259,393.055,0,,
52,128.3,184.223,394.109,0,,
53,130.8,184.075,395.948,0,,
54,133.3,183.838,397.98,0,,
55,135.8,184.145,398.187,0,,
56,138.3,184.143,399.928,0,,
57,140.8,184.098,401.439,0,,
58,143.3,183.919,403.025,0,,
59,145.8,184.001,404.367,0,,
60,148.3,184.163,405.315,0,,
61,150.8,183.993,407.645,0,,
62,153.3,183.495,410.169,0,,
63,155.8,183.681,411.604,0,,
64,158.3,183.765,412.395,0,,
65,160.8,183.728,414.004,0,,
66,163.3,184.097,415.129,0,,
67,165.8,184.083,415.704,0,,
68,168.3,183.81,417.627,0,,
69,170.8,183.634,419.116,0,,
70,173.3,184.09,420.034,0,,
71,175.8,183.611,422.654,0,,
72,178.3,184.36,421.805,0,,
73,180.8,183.976,424.316,0,,
74,183.3,184.139,425.135,0,,
75,185.8,184.312,426.146,0,,
76,188.3,184.243,427.284,0,,
77,190.8,183.818,429.25,0,,
78,193.3,184.146,430.333,0,,
79,195.8,184.009,432.174,0,,
80,198.3,184.021,433.234,0,,
81,200.8,183.93,434.753,0,,
82,203.3,184.04,434.928,0,,
83,205.8,183.86,436.55,0,,
84,208.3,183.608,438.89,0,,
85,210.8,183.663,439.195,0,,
86,213.3,183.289,442.165,0,,
87,215.8,183.762,441.788,0,,
88,218.3,183.929,442.8,0,,
89,220.8,183.452,444.607,0,,
90,223.3,183.663,445.62,0,,
91,225.8,183.943,445.486,0,,
92,228.3,183.444,448.552,0,,
93,230.8,183.862,447.858,0,,
94,233.3,183.628,450.279,0,,
95,235.8,183.409,451.253,0,,
96,238.3,183.733,452.198,0,,
97,240.8,183.426,453.065,0,,
98,243.3,183.516,454.478,0,,
99,245.8,183.706,455.095,0,,
100,250.8,182.342,455.649,0,,
101,273.3,181.842,456.461,0,,
102,295.8,182.048,452.439,0,,
103,318.3,181.867,450.028,0,,
104,343.3,181.902,445.877,0,,
105,368.3,181.872,442.77,0,,
106,395.8,181.693,438.488,0,,
107,423.3,182.07,434.288,0,,
108,453.3,182.043,430.389,0,,
109,483.3,181.33,427.899,0,,
110,515.8,181.507,425.39,0,,
111,550.8,181.869,419.806,0,,
112,585.8,181.774,417.938,0,,
113,623.3,181.712,414.897,0,,
114,663.3,181.916,411.129,0,,
115,705.8,181.711,408.946,0,,
116,748.3,181.626,406.162,0,,
117,793.3,181.136,404.954,0,,
118,840.8,181.595,401.294,0,,
119,890.8,181.274,399.361,0,,
120,943.3,181.117,397.382,0,,
121,998.3,180.865,395.17,0,,
122,1055.8,181.152,393.134,0,,
123,1115.8,181.126,390.87,0,,
124,1178.3,181.422,388.599,0,,
125,1245.8,181.071,386.813,0,,
126,1315.8,180.566,385.662,0,,
127,1388.3,181.21,383.071,0,,
128,1465.8,180.752,381.054,0,,
129,1545.8,181.164,378.958,0,,
130,1630.8,180.747,377.494,0,,
131,1720.8,180.466,376.081,0,,
132,1815.8,180.673,373.767,0,,
133,1913.3,180.721,372.443,0,,
134,2015.8,181.069,370.515,0,,
135,2123.3,180.602,368.82,0,,
136,2238.3,180.476,367.874,0,,
137,2358.3,180.405,366.011,0,,
138,2483.3,180.257,364.967,0,,
139,2615.8,180.719,362.365,0,,
140,2753.3,180.451,360.901,0,,
141,2898.3,181.301,359.097,0,,
142,3050.8,180.169,358.345,0,,
143,3210.8,180.28,357.349,0,,
144,3378.3,180.707,355.384,0,,
145,3555.8,180.338,354.436,0,,
146,3740.8,180.348,352.856,0,,
147,3935.8,179.915,352.024,0,,
148,4140.8,180.259,350.807,0,,
149,4355.8,180.594,348.587,0,,
150,4580.8,180.495,347.772,0,,
151,4818.3,180.006,347.155,0,,
152,5068.3,180.42,346.223,0,,
153,5330.8,179.945,344.912,0,,
154,5605.8,179.74,344.552,0,,
155,5895.8,180.205,343.116,0,,
156,6200.8,179.913,342.675,0,,
157,6520.8,180.22,340.976,0,,
158,6855.8,179.694,340.538,0,,
159,7208.3,179.389,340.806,0,,
160,7578.3,180.093,338.908,0,,
161,7965.8,179.373,338.905,0,,
162,8373.3,180.006,337.247,0,,
163,8800.8,179.608,337.21,0,,
164,9250.8,179.502,336.745,0,,
165,9723.3,179.225,336.502,0,,
166,10220.8,179.436,334.879,0,,
167,10743.3,179.655,334.701,0,,
168,11290.8,179.657,334.439,0,,
169,11865.8,178.99,334.034,0,,
170,12470.8,179.572,332.972,0,,
171,13105.8,179.189,332.018,0,,
172,13773.3,179.109,331.546,0,,
173,14475.8,179.672,330.531,0,,
174,15213.3,178.986,330.983,0,,
175,15988.3,179.272,330.357,0,,
176,16800.8,179.307,329.868,0,,
177,17655.8,178.61,329.804,0,,
178,18553.3,179.41,328.033,0,,
179,19495.8,179.089,328.038,0,,
180,20485.8,178.603,329.19,0,,
181,21525.8,178.982,327.938,0,,
182,22618.3,178.744,327.122,0,,
183,23768.3,178.589,327.265,0,,
184,24975.8,178.307,327.047,0,,
185,26243.3,178.315,326.72,0,,
186,27575.8,178.381,326.132,0,,
187,28975.8,177.925,325.978,0,,
188,30445.8,178.323,324.861,0,,
189,31990.8,178.334,324.721,0,,
190,33613.3,178.534,323.714,0,,
191,35318.3,178.306,323.244,0,,
192,37108.3,178.851,322.716,0,,
193,38990.8,178.312,323.103,0,,
194,40968.3,178.819,321.6,0,,
195,43045.8,178.08,322.826,0,,
196,45228.3,177.629,322.433,0,,
197,47520.8,177.845,321.993,0,,
198,49928.3,177.855,321.345,0,,
199,52458.3,177.885,321.331,0,,
200,55115.8,177.957,320.119,0,,
201,57908.3,177.918,320.115,0,,
202,60843.3,177.432,321.428,0,,
203,63925.8,177.503,319.931,0,,
204,67163.3,177.949,318.513,0,,
205,70565.8,177.874,318.798,0,,
206,74140.8,177.448,319.495,0,,
207,77895.8,177.553,318.623,0,,
208,81840.8,177.65,318.274,0,,
209,85985.8,178.081,317.837,0,,
210,90340.8,177.751,317.658,0,,
211,94915.8,177.419,318.254,0,,
212,99723.3,178.005,316.748,0,,
213,104773.3,177.524,317.089,0,,
214,110078.3,177.784,316.696,0,,
215,115653.3,177.542,316.33,0,,
216,121508.3,177.219,317.106,0,,
217,127660.8,177.389,316.048,0,,
218,134125.8,177.917,316.005,0,,
219,140915.8,177.244,315.826,0,,
220,148050.8,177.951,315.754,0,,
221,155545.8,177.008,316.685,0,,
222,163420.8,177.794,315.616,0,,
223,171695.8,177.359,315.323,0,,
224,180388.3,177.165,316.137,0,,
225,189520.8,177.225,315.184,0,,
226,199115.8,177.767,314.334,0,,
227,209195.8,177.403,315.091,0,,
----,,,,,,
DateTime:,      2021/06/11, 15:27:40,1.62344E+12,,,
PIF:,-429.03,,,,,
PARs:,0,0,0,0,0,0
Light:,640,0,0,0,0,0
Lamps:,    #10000,,,,,
Gain:,5,2, ,,,
S/N Ratio:,165.31,,,,,
Position:,0,0,   NoData,,,
Cycles:,1,,,,,
1,99,100,227,,,
DataPt,  Time(us),         EX,         EM,       Fit,,
==========,==========,==========,==========,=========,,
0,0,0,0,0,,
1,0.8,179.817,393.137,0,,
2,3.3,181.594,389.521,0,,
3,5.8,183.156,385.971,0,,
4,8.3,183.237,384.381,0,,
5,10.8,183.234,386.024,0,,
6,13.3,183.316,387.378,0,,
7,15.8,183.008,389.78,0,,
8,18.3,182.726,392.133,0,,
9,20.8,183.309,393.067,0,,
10,23.3,183.209,394.374,0,,
11,25.8,182.992,395.934,0,,
12,28.3,182.912,397.638,0,,
13,30.8,183.437,397.7,0,,
14,33.3,183.076,399.358,0,,
15,35.8,182.901,401.817,0,,
16,38.3,182.679,403.4,0,,
17,40.8,183.124,404.167,0,,
18,43.3,182.969,405.493,0,,
19,45.8,182.978,407.66,0,,
20,48.3,183.007,409.671,0,,
21,50.8,182.62,411.417,0,,
22,53.3,183.057,412.509,0,,
23,55.8,182.777,414.016,0,,
24,58.3,182.158,416.632,0,,
25,60.8,182.688,416.737,0,,
26,63.3,182.706,417.9,0,,
27,65.8,182.888,419.235,0,,
28,68.3,182.57,421.059,0,,
29,70.8,182.62,422.259,0,,
30,73.3,182.609,423.708,0,,
31,75.8,182.622,425.867,0,,
32,78.3,182.425,427.094,0,,
33,80.8,182.685,428.238,0,,
34,83.3,182.794,428.64,0,,
35,85.8,182.833,430.518,0,,
36,88.3,182.448,432.742,0,,
37,90.8,182.425,433.892,0,,
38,93.3,182.794,434.328,0,,
39,95.8,182.405,436.68,0,,
40,98.3,182.377,437.846,0,,
41,100.8,182.653,438.277,0,,
42,103.3,182.737,439.938,0,,
43,105.8,182.525,441.105,0,,
44,108.3,182.781,442.456,0,,
45,110.8,182.768,443.035,0,,
46,113.3,182.585,445.672,0,,
47,115.8,182.407,447.092,0,,
48,118.3,182.824,447.714,0,,
49,120.8,182.571,448.883,0,,
50,123.3,182.354,450.842,0,,
51,125.8,182.443,451.936,0,,
52,128.3,182.408,453.45,0,,
53,130.8,182.639,453.642,0,,
54,133.3,182.593,454.304,0,,
55,135.8,182.329,456.168,0,,
56,138.3,182.707,456.538,0,,
57,140.8,182.378,458.679,0,,
58,143.3,182.863,458.117,0,,
59,145.8,182.945,459.551,0,,
60,148.3,183.202,460.545,0,,
61,150.8,182.748,463.221,0,,
62,153.3,182.535,463.652,0,,
63,155.8,182.342,465.679,0,,
64,158.3,182.426,466.889,0,,
65,160.8,182.294,467.558,0,,
66,163.3,182.757,467.904,0,,
67,165.8,182.553,469.193,0,,
68,168.3,182.66,470.013,0,,
69,170.8,183.054,470.205,0,,
70,173.3,182.845,472.164,0,,
71,175.8,182.272,473.537,0,,
72,178.3,182.261,474.884,0,,
73,180.8,182.257,476.101,0,,
74,183.3,182.325,476.8,0,,
75,185.8,182.214,478.519,0,,
76,188.3,182.239,479.44,0,,
77,190.8,182.1,480.575,0,,
78,193.3,182.616,479.326,0,,
79,195.8,182.48,481.656,0,,
80,198.3,182.397,482.205,0,,
81,200.8,182.686,481.991,0,,
82,203.3,182.511,483.549,0,,
83,205.8,182.521,483.959,0,,
84,208.3,182.27,485.284,0,,
85,210.8,182.609,486.245,0,,
86,213.3,182.236,487.789,0,,
87,215.8,182.613,488.205,0,,
88,218.3,182.686,488.888,0,,
89,220.8,182.588,489.478,0,,
90,223.3,182.136,491.462,0,,
91,225.8,182.32,492.062,0,,
92,228.3,182.39,492.75,0,,
93,230.8,182.713,492.646,0,,
94,233.3,182.574,493.786,0,,
95,235.8,182.167,495.551,0,,
96,238.3,182.49,495.22,0,,
97,240.8,182.183,496.713,0,,
98,243.3,182.178,497.934,0,,
99,245.8,182.463,497.375,0,,
100,250.8,181.387,500.547,0,,
101,273.3,181.834,504.266,0,,
102,295.8,181.842,502.643,0,,
103,318.3,181.679,500.371,0,,
104,343.3,181.734,496.846,0,,
105,368.3,181.033,496.589,0,,
106,395.8,181.147,493.229,0,,
107,423.3,181.156,489.49,0,,
108,453.3,181.322,486.311,0,,
109,483.3,180.802,485.645,0,,
110,515.8,181.749,481.073,0,,
111,550.8,181.839,478.345,0,,
112,585.8,181.558,476.584,0,,
113,623.3,181.482,473.732,0,,
114,663.3,181.316,471.658,0,,
115,705.8,181.108,469.675,0,,
116,748.3,181.324,466.942,0,,
117,793.3,181.593,463.643,0,,
118,840.8,181.393,462.204,0,,
119,890.8,180.894,460.862,0,,
120,943.3,181.019,458.466,0,,
121,998.3,181.157,456.276,0,,
122,1055.8,181.255,454.014,0,,
123,1115.8,180.961,453.261,0,,
124,1178.3,180.897,451.266,0,,
125,1245.8,181.029,448.348,0,,
126,1315.8,181.115,447.307,0,,
127,1388.3,180.904,445.432,0,,
128,1465.8,180.827,444.574,0,,
129,1545.8,181.05,442.406,0,,
130,1630.8,181.017,439.213,0,,
131,1720.8,181.295,438.255,0,,
132,1815.8,180.851,437.259,0,,
133,1913.3,180.918,435.933,0,,
134,2015.8,180.798,434.038,0,,
135,2123.3,180.717,432.716,0,,
136,2238.3,181.148,429.95,0,,
137,2358.3,180.525,429.704,0,,
138,2483.3,180.848,427.634,0,,
139,2615.8,180.753,427.005,0,,
140,2753.3,181.151,424.545,0,,
141,2898.3,180.577,423.936,0,,
142,3050.8,180.313,423.692,0,,
143,3210.8,180.789,420.948,0,,
144,3378.3,180.55,419.751,0,,
145,3555.8,180.959,418.291,0,,
146,3740.8,180.764,417.879,0,,
147,3935.8,180.784,417.089,0,,
148,4140.8,180.926,414.797,0,,
149,4355.8,180.408,415.121,0,,
150,4580.8,180.775,413.187,0,,
151,4818.3,180.38,413.106,0,,
152,5068.3,180.712,411.938,0,,
153,5330.8,181.014,409.945,0,,
154,5605.8,180.784,410.369,0,,
155,5895.8,180.59,409.185,0,,
156,6200.8,180.962,408.826,0,,
157,6520.8,180.591,408.354,0,,
158,6855.8,181,406.673,0,,
159,7208.3,180.089,407.407,0,,
160,7578.3,180.677,405.57,0,,
161,7965.8,180.318,406.275,0,,
162,8373.3,180.672,405.07,0,,
163,8800.8,180.477,405.19,0,,
164,9250.8,180.578,405.337,0,,
165,9723.3,180.384,404.463,0,,
166,10220.8,180.84,403.004,0,,
167,10743.3,180.505,403.644,0,,
168,11290.8,180.727,402.946,0,,
169,11865.8,180.667,403.129,0,,
170,12470.8,180.442,402.966,0,,
171,13105.8,179.971,403.474,0,,
172,13773.3,180.918,401.473,0,,
173,14475.8,180.211,402.987,0,,
174,15213.3,180.189,402.389,0,,
175,15988.3,180.367,401.994,0,,
176,16800.8,180.222,402.248,0,,
177,17655.8,180.537,401.792,0,,
178,18553.3,180.604,400.531,0,,
179,19495.8,180.294,401.295,0,,
180,20485.8,180.766,400.105,0,,
181,21525.8,180.021,401.626,0,,
182,22618.3,180.265,401.521,0,,
183,23768.3,180.404,401.11,0,,
184,24975.8,180.024,401.275,0,,
185,26243.3,179.959,400.991,0,,
186,27575.8,180.134,399.8,0,,
187,28975.8,179.812,400.911,0,,
188,30445.8,179.585,400.738,0,,
189,31990.8,180.079,399.929,0,,
190,33613.3,180.148,400.183,0,,
191,35318.3,180.024,399.946,0,,
192,37108.3,180.009,399.163,0,,
193,38990.8,179.478,400.477,0,,
194,40968.3,180.585,398.479,0,,
195,43045.8,180.042,399.421,0,,
196,45228.3,180.357,399.13,0,,
197,47520.8,179.961,398.645,0,,
198,49928.3,179.74,399.772,0,,
199,52458.3,180.138,398.443,0,,
200,55115.8,180.01,398.628,0,,
201,57908.3,179.801,398.7,0,,
202,60843.3,180.073,398.103,0,,
203,63925.8,179.508,399.823,0,,
204,67163.3,180.396,396.919,0,,
205,70565.8,180.194,397.579,0,,
206,74140.8,180.069,397.665,0,,
207,77895.8,179.862,398.2,0,,
208,81840.8,180.075,397.283,0,,
209,85985.8,179.606,397.681,0,,
210,90340.8,180.192,397.204,0,,
211,94915.8,179.642,397.984,0,,
212,99723.3,179.877,397.986,0,,
213,104773.3,180.396,395.717,0,,
214,110078.3,179.774,397.198,0,,
215,115653.3,179.555,397.206,0,,
216,121508.3,180.303,396.386,0,,
217,127660.8,179.973,396.6,0,,
218,134125.8,180.201,396.217,0,,
219,140915.8,180.156,396.586,0,,
220,148050.8,180.28,396.091,0,,
221,155545.8,180.051,396.084,0,,
222,163420.8,180.066,395.758,0,,
223,171695.8,180.209,395.777,0,,
224,180388.3,180.23,396.15,0,,
225,189520.8,180.05,396.314,0,,
226,199115.8,180.047,396.21,0,,
227,209195.8,179.855,396.705,0,,
----,,,,,,
DateTime:,      2021/06/11, 15:27:43,1.62344E+12,,,
PIF:,-599.57,,,,,
PARs:,0,0,0,0,0,0
Light:,0,0,0,0,0,0
Lamps:,    #10000,,,,,
Gain:,5,2, ,,,
S/N Ratio:,249.79,,,,,
Position:,0,0,   NoData,,,
Cycles:,1,,,,,
1,99,100,227,,,
DataPt,  Time(us),         EX,         EM,       Fit,,
==========,==========,==========,==========,=========,,
0,0,0,0,0,,
1,0.8,177.49,303.907,0,,
2,3.3,182.667,306.568,0,,
3,5.8,184.717,309.124,0,,
4,8.3,184.51,310.121,0,,
5,10.8,184.124,312.293,0,,
6,13.3,184.875,310.59,0,,
7,15.8,184.661,312.9,0,,
8,18.3,184.474,314.952,0,,
9,20.8,184.388,316.183,0,,
10,23.3,184.001,318.37,0,,
11,25.8,184.261,319.332,0,,
12,28.3,183.799,321.658,0,,
13,30.8,183.656,323.215,0,,
14,33.3,183.867,324.911,0,,
15,35.8,183.978,325.585,0,,
16,38.3,184.232,327.523,0,,
17,40.8,184.106,328.4,0,,
18,43.3,184.427,329.564,0,,
19,45.8,183.959,332.468,0,,
20,48.3,183.988,334.263,0,,
21,50.8,184.172,334.907,0,,
22,53.3,183.467,337.938,0,,
23,55.8,184.044,338.4,0,,
24,58.3,184.185,339.444,0,,
25,60.8,183.954,341.175,0,,
26,63.3,183.877,342.406,0,,
27,65.8,184.058,344.458,0,,
28,68.3,183.455,346.899,0,,
29,70.8,183.79,347.138,0,,
30,73.3,183.493,349.661,0,,
31,75.8,183.983,350.361,0,,
32,78.3,183.785,351.934,0,,
33,80.8,183.665,354.343,0,,
34,83.3,183.679,355.623,0,,
35,85.8,184.288,355.533,0,,
36,88.3,183.807,358.312,0,,
37,90.8,183.689,359.631,0,,
38,93.3,183.774,361.316,0,,
39,95.8,184.145,361.239,0,,
40,98.3,183.641,363.647,0,,
41,100.8,184.203,364.492,0,,
42,103.3,183.811,366.901,0,,
43,105.8,183.884,367.951,0,,
44,108.3,184.045,369.585,0,,
45,110.8,184.507,369.852,0,,
46,113.3,183.848,372.701,0,,
47,115.8,184.336,373.559,0,,
48,118.3,183.992,374.909,0,,
49,120.8,184.119,376.389,0,,
50,123.3,183.997,377.943,0,,
51,125.8,183.517,380.022,0,,
52,128.3,183.956,380.746,0,,
53,130.8,183.618,382.863,0,,
54,133.3,183.666,384.395,0,,
55,135.8,183.878,385.15,0,,
56,138.3,184.161,385.752,0,,
57,140.8,183.926,387.55,0,,
58,143.3,183.842,388.815,0,,
59,145.8,183.829,390.8,0,,
60,148.3,183.421,392.651,0,,
61,150.8,183.917,393.007,0,,
62,153.3,183.608,394.974,0,,
63,155.8,183.699,396.193,0,,
64,158.3,183.879,396.786,0,,
65,160.8,184.315,397.256,0,,
66,163.3,183.83,399.067,0,,
67,165.8,183.816,400.403,0,,
68,168.3,184.113,401.496,0,,
69,170.8,183.557,403.909,0,,
70,173.3,184.013,404.648,0,,
71,175.8,184.009,405.526,0,,
72,178.3,183.903,407.174,0,,
73,180.8,183.994,407.625,0,,
74,183.3,183.777,409.52,0,,
75,185.8,184.045,410.119,0,,
76,188.3,184.071,411.258,0,,
77,190.8,184.406,411.704,0,,
78,193.3,183.974,413.866,0,,
79,195.8,183.837,415.37,0,,
80,198.3,184.228,415.248,0,,
81,200.8,184.232,416.324,0,,
82,203.3,184.152,418.026,0,,
83,205.8,183.973,419.739,0,,
84,208.3,184.101,419.772,0,,
85,210.8,184.44,420.627,0,,
86,213.3,183.782,422.895,0,,
87,215.8,184.254,422.787,0,,
88,218.3,184.137,424.578,0,,
89,220.8,183.849,426.656,0,,
90,223.3,183.776,427.696,0,,
91,225.8,184.056,427.265,0,,
92,228.3,183.841,428.959,0,,
93,230.8,184.259,429.072,0,,
94,233.3,183.931,430.817,0,,
95,235.8,183.712,432.854,0,,
96,238.3,183.657,433.311,0,,
97,240.8,183.539,434.351,0,,
98,243.3,183.913,434.337,0,,
99,245.8,183.724,436.634,0,,
100,250.8,182.455,436.602,0,,
101,273.3,182.052,437.24,0,,
102,295.8,181.867,434.609,0,,
103,318.3,182.065,431.189,0,,
104,343.3,181.731,428.131,0,,
105,368.3,181.422,425.559,0,,
106,395.8,182.102,419.911,0,,
107,423.3,181.545,418.234,0,,
108,453.3,181.536,414.071,0,,
109,483.3,181.582,411.984,0,,
110,515.8,182.127,407.665,0,,
111,550.8,181.733,405.143,0,,
112,585.8,181.638,403.478,0,,
113,623.3,181.844,399.405,0,,
114,663.3,181.006,398.051,0,,
115,705.8,181.097,395.434,0,,
116,748.3,181.407,393.111,0,,
117,793.3,181.489,390.729,0,,
118,840.8,181.274,388.974,0,,
119,890.8,181.716,385.277,0,,
120,943.3,181.564,383.955,0,,
121,998.3,181.413,381.516,0,,
122,1055.8,181.04,380.686,0,,
123,1115.8,181.217,378.562,0,,
124,1178.3,181.247,375.758,0,,
125,1245.8,180.607,375.209,0,,
126,1315.8,180.483,374.353,0,,
127,1388.3,180.932,372.43,0,,
128,1465.8,181.592,368.628,0,,
129,1545.8,180.483,368.904,0,,
130,1630.8,180.827,366.872,0,,
131,1720.8,181.218,364.537,0,,
132,1815.8,180.766,363.579,0,,
133,1913.3,180.832,361.694,0,,
134,2015.8,181.098,359.634,0,,
135,2123.3,180.729,358.602,0,,
136,2238.3,180.687,357.896,0,,
137,2358.3,180.61,356.04,0,,
138,2483.3,180.551,355.052,0,,
139,2615.8,180.935,352.653,0,,
140,2753.3,180.58,351.812,0,,
141,2898.3,180.858,350.513,0,,
142,3050.8,180.394,348.537,0,,
143,3210.8,180.684,348.302,0,,
144,3378.3,180.637,346.4,0,,
145,3555.8,180.456,345.744,0,,
146,3740.8,180.737,344.655,0,,
147,3935.8,179.802,344.207,0,,
148,4140.8,180.614,342.116,0,,
149,4355.8,179.919,341.424,0,,
150,4580.8,180.031,340.464,0,,
151,4818.3,180.309,338.845,0,,
152,5068.3,180.169,338.783,0,,
153,5330.8,179.256,338.498,0,,
154,5605.8,180.173,337.234,0,,
155,5895.8,180.052,335.99,0,,
156,6200.8,179.75,335.096,0,,
157,6520.8,180.055,333.649,0,,
158,6855.8,179.832,334.203,0,,
159,7208.3,179.514,333.343,0,,
160,7578.3,179.731,332.702,0,,
161,7965.8,179.939,331.409,0,,
162,8373.3,179.912,330.104,0,,
163,8800.8,179.729,330.334,0,,
164,9250.8,179.533,329.918,0,,
165,9723.3,179.905,328.246,0,,
166,10220.8,178.866,329.484,0,,
167,10743.3,179.869,327.111,0,,
168,11290.8,179.422,327.242,0,,
169,11865.8,179.321,326.631,0,,
170,12470.8,179.301,325.79,0,,
171,13105.8,178.821,326.218,0,,
172,13773.3,179.409,324.979,0,,
173,14475.8,179.011,325.394,0,,
174,15213.3,178.9,325.016,0,,
175,15988.3,179.147,324.353,0,,
176,16800.8,178.255,325.048,0,,
177,17655.8,178.762,323.902,0,,
178,18553.3,179.083,322.001,0,,
179,19495.8,179.331,321.543,0,,
180,20485.8,178.263,322.187,0,,
181,21525.8,178.759,321.428,0,,
182,22618.3,178.725,320.886,0,,
183,23768.3,178.677,320.245,0,,
184,24975.8,178.535,320.53,0,,
185,26243.3,178.271,320.639,0,,
186,27575.8,178.569,319.158,0,,
187,28975.8,178.509,319.102,0,,
188,30445.8,178.343,319.775,0,,
189,31990.8,178.376,317.746,0,,
190,33613.3,178.725,317.114,0,,
191,35318.3,177.995,317.506,0,,
192,37108.3,178.496,316.405,0,,
193,38990.8,178.33,316.319,0,,
194,40968.3,178.862,315.358,0,,
195,43045.8,177.75,316.758,0,,
196,45228.3,177.898,316.252,0,,
197,47520.8,178.368,314.684,0,,
198,49928.3,177.899,315.225,0,,
199,52458.3,177.881,314.776,0,,
200,55115.8,177.807,314.32,0,,
201,57908.3,178.094,314.348,0,,
202,60843.3,178.028,312.78,0,,
203,63925.8,178.259,313.024,0,,
204,67163.3,177.842,312.889,0,,
205,70565.8,178.524,311.592,0,,
206,74140.8,177.664,312.52,0,,
207,77895.8,177.483,312.003,0,,
208,81840.8,177.449,312.222,0,,
209,85985.8,178.197,311.05,0,,
210,90340.8,177.876,310.758,0,,
211,94915.8,177.81,311.139,0,,
212,99723.3,177.796,311.527,0,,
213,104773.3,177.835,310.728,0,,
214,110078.3,177.468,310.57,0,,
215,115653.3,177.264,311.104,0,,
216,121508.3,177.861,310.445,0,,
217,127660.8,177.764,310.335,0,,
218,134125.8,177.702,309.433,0,,
219,140915.8,177.995,309.905,0,,
220,148050.8,177.16,310.838,0,,
221,155545.8,178.047,308.574,0,,
222,163420.8,177.747,309.189,0,,
223,171695.8,177.519,309.384,0,,
224,180388.3,177.984,308.256,0,,
225,189520.8,176.452,310.168,0,,
226,199115.8,177.033,310.304,0,,
227,209195.8,177.275,308.956,0,,
----,,,,,,
DateTime:,      2021/06/11, 15:30:44,1.62344E+12,,,
PIF:,-600.45,,,,,
PARs:,0,0,0,0,0,0
Light:,0,0,0,0,0,0
Lamps:,    #10000,,,,,
Gain:,5,2, ,,,
S/N Ratio:,218.49,,,,,
Position:,0,0,   NoData,,,
Cycles:,1,,,,,
1,99,100,227,,,
DataPt,  Time(us),         EX,         EM,       Fit,,
==========,==========,==========,==========,=========,,
0,0,0,0,0,,
1,0.8,177.05,299.79,0,,
2,3.3,182.613,302.729,0,,
3,5.8,184.183,305.554,0,,
4,8.3,184.264,305.961,0,,
5,10.8,184.165,307.972,0,,
6,13.3,184.056,308.155,0,,
7,15.8,184.321,308.796,0,,
8,18.3,184.134,310.849,0,,
9,20.8,184.24,312.624,0,,
10,23.3,184.043,314.37,0,,
11,25.8,183.921,315.557,0,,
12,28.3,183.937,317.271,0,,
13,30.8,184.081,318.761,0,,
14,33.3,184.101,320.248,0,,
15,35.8,183.734,322.193,0,,
16,38.3,184.372,322.597,0,,
17,40.8,184.245,324.448,0,,
18,43.3,184.089,326.461,0,,
19,45.8,184.002,328.028,0,,
20,48.3,184.413,329.14,0,,
21,50.8,184.502,330.066,0,,
22,53.3,184.082,333.101,0,,
23,55.8,184.278,334.157,0,,
24,58.3,184.515,335.353,0,,
25,60.8,183.615,338.631,0,,
26,63.3,183.634,339.904,0,,
27,65.8,184.197,340.384,0,,
28,68.3,184.451,341.65,0,,
29,70.8,184.119,343.678,0,,
30,73.3,183.727,345.937,0,,
31,75.8,184.122,346.715,0,,
32,78.3,184.019,348.756,0,,
33,80.8,184.662,349.384,0,,
34,83.3,184.198,352.325,0,,
35,85.8,184.142,353.954,0,,
36,88.3,184.041,355.778,0,,
37,90.8,184.114,356.941,0,,
38,93.3,184.008,359.212,0,,
39,95.8,184.094,360.13,0,,
40,98.3,183.684,362.676,0,,
41,100.8,184.247,363.413,0,,
42,103.3,184.236,364.847,0,,
43,105.8,184.023,366.79,0,,
44,108.3,184.661,367.364,0,,
45,110.8,184.267,369.886,0,,
46,113.3,184.368,371.201,0,,
47,115.8,184.095,373.925,0,,
48,118.3,183.751,376.149,0,,
49,120.8,184.259,376.957,0,,
50,123.3,184.137,379.272,0,,
51,125.8,183.941,380.871,0,,
52,128.3,184,381.945,0,,
53,130.8,184.042,383.379,0,,
54,133.3,183.9,385.305,0,,
55,135.8,184.017,386.366,0,,
56,138.3,183.729,388.167,0,,
57,140.8,183.494,390.846,0,,
58,143.3,183.981,390.571,0,,
59,145.8,184.254,392.056,0,,
60,148.3,183.75,395.091,0,,
61,150.8,183.866,396.364,0,,
62,153.3,183.842,397.938,0,,
63,155.8,183.743,400.547,0,,
64,158.3,184.208,400.621,0,,
65,160.8,183.885,402.522,0,,
66,163.3,183.494,405.343,0,,
67,165.8,183.955,405.413,0,,
68,168.3,184.062,406.806,0,,
69,170.8,183.886,408.501,0,,
70,173.3,183.962,410.29,0,,
71,175.8,184.054,410.846,0,,
72,178.3,184.328,412.297,0,,
73,180.8,183.563,415.323,0,,
74,183.3,184.107,416.16,0,,
75,185.8,183.9,417.716,0,,
76,188.3,183.735,419.505,0,,
77,190.8,183.691,421.349,0,,
78,193.3,183.733,422.776,0,,
79,195.8,183.596,424.615,0,,
80,198.3,183.798,425.128,0,,
81,200.8,184.087,425.329,0,,
82,203.3,183.341,428.914,0,,
83,205.8,183.542,430.189,0,,
84,208.3,183.48,431.206,0,,
85,210.8,183.82,431.496,0,,
86,213.3,183.446,434.012,0,,
87,215.8,183.539,435.208,0,,
88,218.3,183.422,436.686,0,,
89,220.8,183.324,438.993,0,,
90,223.3,183.63,439.022,0,,
91,225.8,183.72,440.331,0,,
92,228.3,183.791,441.25,0,,
93,230.8,183.449,443.926,0,,
94,233.3,183.025,445.501,0,,
95,235.8,183.186,446.965,0,,
96,238.3,183.321,448.056,0,,
97,240.8,183.488,448.192,0,,
98,243.3,183.103,450.991,0,,
99,245.8,183.579,450.258,0,,
100,250.8,182.119,451.891,0,,
101,273.3,181.998,451.202,0,,
102,295.8,182.199,446.876,0,,
103,318.3,181.75,444.009,0,,
104,343.3,181.685,440.739,0,,
105,368.3,181.933,435.748,0,,
106,395.8,182.126,431.221,0,,
107,423.3,181.542,428.745,0,,
108,453.3,181.717,424.17,0,,
109,483.3,181.957,420.641,0,,
110,515.8,181.474,417.904,0,,
111,550.8,181.652,414.515,0,,
112,585.8,181.735,411.564,0,,
113,623.3,181.279,410.178,0,,
114,663.3,181.866,405.431,0,,
115,705.8,181.476,404.196,0,,
116,748.3,181.584,400.423,0,,
117,793.3,181.374,398.781,0,,
118,840.8,181.368,396.592,0,,
119,890.8,181.618,394.172,0,,
120,943.3,181.177,392.255,0,,
121,998.3,181.128,390.599,0,,
122,1055.8,181.508,388.474,0,,
123,1115.8,181.192,387.043,0,,
124,1178.3,181.781,384.464,0,,
125,1245.8,181.324,383.773,0,,
126,1315.8,181.116,382.226,0,,
127,1388.3,181.295,380.626,0,,
128,1465.8,181.315,378.811,0,,
129,1545.8,181.252,377.492,0,,
130,1630.8,181.315,376.467,0,,
131,1720.8,180.948,374.896,0,,
132,1815.8,181.155,373.249,0,,
133,1913.3,181.034,372.378,0,,
134,2015.8,180.725,371.674,0,,
135,2123.3,181.011,370.088,0,,
136,2238.3,180.683,368.444,0,,
137,2358.3,180.635,368.659,0,,
138,2483.3,180.68,366.699,0,,
139,2615.8,180.588,365.561,0,,
140,2753.3,180.801,364.582,0,,
141,2898.3,180.61,363.408,0,,
142,3050.8,180.426,362.331,0,,
143,3210.8,180.617,361.174,0,,
144,3378.3,180.194,361.241,0,,
145,3555.8,180.588,359.678,0,,
146,3740.8,180.211,359.431,0,,
147,3935.8,180.807,356.81,0,,
148,4140.8,180.085,357.888,0,,
149,4355.8,179.741,357.23,0,,
150,4580.8,180.584,354.904,0,,
151,4818.3,180.08,355.019,0,,
152,5068.3,180.701,352.7,0,,
153,5330.8,179.954,353.714,0,,
154,5605.8,180.111,351.982,0,,
155,5895.8,179.442,351.87,0,,
156,6200.8,180.382,350.153,0,,
157,6520.8,180.101,349.93,0,,
158,6855.8,179.456,350.162,0,,
159,7208.3,179.619,348.856,0,,
160,7578.3,179.284,348.959,0,,
161,7965.8,179.667,348.3,0,,
162,8373.3,180.008,346.388,0,,
163,8800.8,179.993,346.378,0,,
164,9250.8,179.591,345.717,0,,
165,9723.3,179.687,345.531,0,,
166,10220.8,179.405,344.93,0,,
167,10743.3,179.631,344.283,0,,
168,11290.8,179.078,343.98,0,,
169,11865.8,179.676,342.76,0,,
170,12470.8,179.022,343.251,0,,
171,13105.8,179.314,341.898,0,,
172,13773.3,178.872,343.184,0,,
173,14475.8,179.068,341.369,0,,
174,15213.3,179.419,340.609,0,,
175,15988.3,178.794,341.116,0,,
176,16800.8,179.704,339.486,0,,
177,17655.8,178.791,339.569,0,,
178,18553.3,179.196,339.275,0,,
179,19495.8,179.248,338.661,0,,
180,20485.8,178.87,338.405,0,,
181,21525.8,178.518,338.207,0,,
182,22618.3,179.353,337.625,0,,
183,23768.3,178.888,336.946,0,,
184,24975.8,178.689,336.575,0,,
185,26243.3,178.518,336.799,0,,
186,27575.8,178.586,335.991,0,,
187,28975.8,178.322,336.286,0,,
188,30445.8,178.316,336.18,0,,
189,31990.8,177.876,335.129,0,,
190,33613.3,178.665,334.844,0,,
191,35318.3,178.607,334.854,0,,
192,37108.3,178.449,334.179,0,,
193,38990.8,178.068,334.14,0,,
194,40968.3,178.312,333.449,0,,
195,43045.8,177.794,333.058,0,,
196,45228.3,178.449,332.096,0,,
197,47520.8,178.235,331.554,0,,
198,49928.3,178.495,331.407,0,,
199,52458.3,177.574,332.583,0,,
200,55115.8,178.106,331.229,0,,
201,57908.3,177.449,331.972,0,,
202,60843.3,178.285,331.263,0,,
203,63925.8,177.389,330.894,0,,
204,67163.3,178.082,330.229,0,,
205,70565.8,177.735,331.102,0,,
206,74140.8,177.635,330.551,0,,
207,77895.8,178.222,329.222,0,,
208,81840.8,177.967,329.841,0,,
209,85985.8,177.483,330.101,0,,
210,90340.8,177.513,329.691,0,,
211,94915.8,177.152,330.317,0,,
212,99723.3,177.722,328.547,0,,
213,104773.3,177.532,328.388,0,,
214,110078.3,177.825,328.366,0,,
215,115653.3,177.361,328.333,0,,
216,121508.3,178.095,327.585,0,,
217,127660.8,177.619,326.872,0,,
218,134125.8,177.331,329.153,0,,
219,140915.8,177.376,327.881,0,,
220,148050.8,177.328,327.082,0,,
221,155545.8,177.769,326.44,0,,
222,163420.8,177.514,326.783,0,,
223,171695.8,176.861,327.003,0,,
224,180388.3,177.866,326.045,0,,
225,189520.8,177.972,325.294,0,,
226,199115.8,177.139,325.898,0,,
227,209195.8,177.549,324.581,0,,
----,,,,,,
DateTime:,      2021/06/11, 15:30:47,1.62344E+12,,,
PIF:,-602.32,,,,,
PARs:,0,0,0,0,0,0
Light:,0,0,0,0,0,0
Lamps:,    #10000,,,,,
Gain:,5,2, ,,,
S/N Ratio:,227.58,,,,,
Position:,0,0,   NoData,,,
Cycles:,1,,,,,
1,99,100,227,,,
DataPt,  Time(us),         EX,         EM,       Fit,,
==========,==========,==========,==========,=========,,
0,0,0,0,0,,
1,0.8,177.365,316.842,0,,
2,3.3,182.645,319.434,0,,
3,5.8,184.503,321.926,0,,
4,8.3,184.681,322.267,0,,
5,10.8,184.389,323.319,0,,
6,13.3,184.376,324.318,0,,
7,15.8,184.162,325.998,0,,
8,18.3,183.878,328.35,0,,
9,20.8,184.463,328.61,0,,
10,23.3,184.554,329.966,0,,
11,25.8,184.241,332.806,0,,
12,28.3,184.064,334.537,0,,
13,30.8,184.304,335.296,0,,
14,33.3,183.942,338.131,0,,
15,35.8,184.053,339.122,0,,
16,38.3,184.117,340.96,0,,
17,40.8,184.181,342.035,0,,
18,43.3,184.503,343.173,0,,
19,45.8,184.225,345.753,0,,
20,48.3,184.159,347.398,0,,
21,50.8,184.438,348.281,0,,
22,53.3,184.018,350.815,0,,
23,55.8,184.024,352.326,0,,
24,58.3,183.784,354.419,0,,
25,60.8,183.647,356.425,0,,
26,63.3,183.952,357.248,0,,
27,65.8,183.943,358.57,0,,
28,68.3,184.293,359.518,0,,
29,70.8,184.247,361.236,0,,
30,73.3,184.331,362.264,0,,
31,75.8,183.677,365.623,0,,
32,78.3,184.147,366.102,0,,
33,80.8,184.026,368.189,0,,
34,83.3,184.326,369.109,0,,
35,85.8,183.697,372.224,0,,
36,88.3,183.787,373.456,0,,
37,90.8,183.574,375.524,0,,
38,93.3,183.849,376.811,0,,
39,95.8,184.031,377.961,0,,
40,98.3,183.43,380.398,0,,
41,100.8,183.803,380.932,0,,
42,103.3,183.696,382.678,0,,
43,105.8,183.579,384.883,0,,
44,108.3,183.36,387.198,0,,
45,110.8,184.109,387.035,0,,
46,113.3,183.543,389.535,0,,
47,115.8,184.223,389.943,0,,
48,118.3,183.688,392.604,0,,
49,120.8,183.72,394.386,0,,
50,123.3,183.502,396.271,0,,
51,125.8,183.782,397.189,0,,
52,128.3,183.175,398.834,0,,
53,130.8,183.693,399.887,0,,
54,133.3,183.742,400.978,0,,
55,135.8,183.763,403.217,0,,
56,138.3,183.857,404.1,0,,
57,140.8,183.716,406.368,0,,
58,143.3,184.013,407.017,0,,
59,145.8,183.81,408.664,0,,
60,148.3,183.591,410.893,0,,
61,150.8,183.517,412.695,0,,
62,153.3,183.874,413.415,0,,
63,155.8,183.68,415.159,0,,
64,158.3,183.479,416.922,0,,
65,160.8,183.632,417.883,0,,
66,163.3,183.24,420.304,0,,
67,165.8,183.416,420.445,0,,
68,168.3,183.619,422.487,0,,
69,170.8,183.347,423.985,0,,
70,173.3,183.614,424.895,0,,
71,175.8,184.181,424.78,0,,
72,178.3,183.789,427.428,0,,
73,180.8,183.975,427.973,0,,
74,183.3,183.758,430.438,0,,
75,185.8,183.837,431.56,0,,
76,188.3,183.957,432.146,0,,
77,190.8,183.532,434.455,0,,
78,193.3,183.86,434.224,0,,
79,195.8,183.723,436.833,0,,
80,198.3,183.64,437.794,0,,
81,200.8,183.454,439.874,0,,
82,203.3,183.659,440.145,0,,
83,205.8,184.049,440.406,0,,
84,208.3,183.512,443.329,0,,
85,210.8,183.377,444.857,0,,
86,213.3,183.858,444.997,0,,
87,215.8,183.571,447.218,0,,
88,218.3,183.454,448.704,0,,
89,220.8,183.736,449.104,0,,
90,223.3,183.472,451.057,0,,
91,225.8,183.657,450.929,0,,
92,228.3,183.538,452.64,0,,
93,230.8,183.956,452.045,0,,
94,233.3,183.627,455.251,0,,
95,235.8,183.693,455.74,0,,
96,238.3,183.543,457.858,0,,
97,240.8,183.615,457.677,0,,
98,243.3,183.99,458.918,0,,
99,245.8,183.611,460.738,0,,
100,250.8,182.53,460.509,0,,
101,273.3,182.124,461.533,0,,
102,295.8,182.045,457.807,0,,
103,318.3,182.06,454.694,0,,
104,343.3,181.834,451.638,0,,
105,368.3,181.917,447.371,0,,
106,395.8,181.842,444.716,0,,
107,423.3,182.318,439.716,0,,
108,453.3,181.923,435.946,0,,
109,483.3,181.78,433.209,0,,
110,515.8,181.505,430.461,0,,
111,550.8,181.692,427.279,0,,
112,585.8,182.076,423.092,0,,
113,623.3,181.434,421.396,0,,
114,663.3,182.119,416.514,0,,
115,705.8,181.643,415.069,0,,
116,748.3,181.852,411.957,0,,
117,793.3,181.547,409.899,0,,
118,840.8,181.536,407.621,0,,
119,890.8,181.509,405.368,0,,
120,943.3,181.155,403.071,0,,
121,998.3,180.823,401.728,0,,
122,1055.8,181.506,398.153,0,,
123,1115.8,181.122,396.791,0,,
124,1178.3,181.43,394.69,0,,
125,1245.8,181.555,391.891,0,,
126,1315.8,181.917,389.682,0,,
127,1388.3,181.438,388.303,0,,
128,1465.8,180.696,387.577,0,,
129,1545.8,180.64,386.03,0,,
130,1630.8,181.458,382.637,0,,
131,1720.8,181.638,381.042,0,,
132,1815.8,181.364,379.188,0,,
133,1913.3,181.043,377.981,0,,
134,2015.8,180.732,377.09,0,,
135,2123.3,181.208,374.554,0,,
136,2238.3,180.887,374,0,,
137,2358.3,181.006,371.783,0,,
138,2483.3,181.144,369.858,0,,
139,2615.8,180.381,370.104,0,,
140,2753.3,181.256,367.336,0,,
141,2898.3,180.586,367.028,0,,
142,3050.8,181.261,364.656,0,,
143,3210.8,179.841,365.202,0,,
144,3378.3,180.55,363.326,0,,
145,3555.8,180.657,361.9,0,,
146,3740.8,180.572,360.856,0,,
147,3935.8,180.695,358.844,0,,
148,4140.8,180.178,358.876,0,,
149,4355.8,180.616,357.247,0,,
150,4580.8,180.507,355.93,0,,
151,4818.3,179.833,356.279,0,,
152,5068.3,179.798,355.016,0,,
153,5330.8,180.296,354.154,0,,
154,5605.8,179.894,353.844,0,,
155,5895.8,180.545,351.934,0,,
156,6200.8,179.971,351.393,0,,
157,6520.8,179.728,350.991,0,,
158,6855.8,179.966,349.529,0,,
159,7208.3,179.347,350.746,0,,
160,7578.3,179.685,348.639,0,,
161,7965.8,179.904,348.076,0,,
162,8373.3,179.776,347.416,0,,
163,8800.8,179.51,347.137,0,,
164,9250.8,179.337,346.248,0,,
165,9723.3,179.73,345.063,0,,
166,10220.8,179.552,345.157,0,,
167,10743.3,179.597,344.172,0,,
168,11290.8,179.886,342.627,0,,
169,11865.8,178.936,344.103,0,,
170,12470.8,179.032,342.672,0,,
171,13105.8,179.137,342.152,0,,
172,13773.3,179.339,341.535,0,,
173,14475.8,179.975,339.865,0,,
174,15213.3,179.271,340.86,0,,
175,15988.3,179.097,340.629,0,,
176,16800.8,179.251,339.775,0,,
177,17655.8,179.203,338.827,0,,
178,18553.3,178.61,339.347,0,,
179,19495.8,178.881,339.026,0,,
180,20485.8,179.469,337.341,0,,
181,21525.8,179.048,338.141,0,,
182,22618.3,178.721,336.377,0,,
183,23768.3,178.666,336.474,0,,
184,24975.8,178.601,336.781,0,,
185,26243.3,178.661,335.79,0,,
186,27575.8,178.873,335.046,0,,
187,28975.8,178.591,334.329,0,,
188,30445.8,178.326,335.047,0,,
189,31990.8,178.305,335.735,0,,
190,33613.3,178.738,334.006,0,,
191,35318.3,178.756,333.713,0,,
192,37108.3,178.166,333.587,0,,
193,38990.8,178.564,333.076,0,,
194,40968.3,177.993,332.975,0,,
195,43045.8,178.221,332.737,0,,
196,45228.3,177.724,333.731,0,,
197,47520.8,178.132,332.416,0,,
198,49928.3,178.018,332.109,0,,
199,52458.3,178.068,331.934,0,,
200,55115.8,177.926,331.664,0,,
201,57908.3,178.414,330.684,0,,
202,60843.3,178.074,331.309,0,,
203,63925.8,177.708,330.839,0,,
204,67163.3,177.993,330.017,0,,
205,70565.8,177.671,329.921,0,,
206,74140.8,177.524,330.462,0,,
207,77895.8,177.683,329.904,0,,
208,81840.8,177.464,329.739,0,,
209,85985.8,177.378,329.458,0,,
210,90340.8,177.541,328.877,0,,
211,94915.8,177.555,328.533,0,,
212,99723.3,177.867,328.184,0,,
213,104773.3,177.708,328.575,0,,
214,110078.3,177.151,327.764,0,,
215,115653.3,177.785,327.527,0,,
216,121508.3,177.389,327.102,0,,
217,127660.8,177.723,326.633,0,,
218,134125.8,177.9,326.544,0,,
219,140915.8,177.116,327.183,0,,
220,148050.8,178.416,324.978,0,,
221,155545.8,177.275,326.013,0,,
222,163420.8,178.408,324.493,0,,
223,171695.8,177.866,324.598,0,,
224,180388.3,177.46,325.711,0,,
225,189520.8,177.191,326.507,0,,
226,199115.8,177.053,325.47,0,,
227,209195.8,177.182,325.23,0,,
